seqnames	start	end	GCLL-0040	GCLL-0303	GCLL-0255	GCLL-0201	GCLL-0133	DFCI-5194	GCLL-0262	GCLL-0131	GCLL-0006	GCLL-0234	GCLL-0135	GCLL-0097	GCLL-0067	GCLL-0069	GCLL-0158	DFCI-5021	GCLL-0140	GCLL-0296	GCLL-0155	DFCI-5045	DFCI-5073	GCLL-0039	GCLL-0150	GCLL-0310	GCLL-0120	DFCI-5010	DFCI-5057	GCLL-0085	GCLL-0063	GCLL-0045	GCLL-0071	GCLL-0236	DFCI-5161	GCLL-0089	GCLL-0265	GCLL-0093	DFCI-5102	GCLL-0128	GCLL-0104	GCLL-0147	GCLL-0098	DFCI-5162	DFCI-5176	GCLL-0189	GCLL-0220	GCLL-0068	GCLL-0023	GCLL-0209	DFCI-5035	GCLL-0227	GCLL-0270	GCLL-0244	GCLL-0267	GCLL-0148	GCLL-0207	GCLL-0221	GCLL-0016	GCLL-0246	GCLL-0112	GCLL-0235	DFCI-5168	GCLL-0251	GCLL-0263	GCLL-0182	GCLL-0029	GCLL-0179	GCLL-0013	GCLL-0101	GCLL-0087	GCLL-0051	GCLL-0230	GCLL-0232	GCLL-0159	DFCI-5051	GCLL-0163	DFCI-5184	GCLL-0257	GCLL-0106	GCLL-0009	GCLL-0204	GCLL-0186	GCLL-0036	GCLL-0027	GCLL-0075	GCLL-0173	GCLL-0240	GCLL-0129	GCLL-0126	GCLL-0118	GCLL-0028	GCLL-0046	GCLL-0309	DFCI-5165	GCLL-0252	GCLL-0288	GCLL-0208	GCLL-0119	GCLL-0187	GCLL-0290	GCLL-0153	GCLL-0302	DFCI-5069	GCLL-0061	GCLL-0144	GCLL-0078	DFCI-5159	GCLL-0084	GCLL-0222	GCLL-0307	GCLL-0145	GCLL-0168	GCLL-0121	GCLL-0156	GCLL-0060	GCLL-0282	GCLL-0030	GCLL-0048	GCLL-0022	GCLL-0017	GCLL-0066	GCLL-0256	GCLL-0095	GCLL-0041	GCLL-0308	GCLL-0285	GCLL-0096	GCLL-0277	DFCI-5065	GCLL-0137	GCLL-0297	GCLL-0052	GCLL-0291	GCLL-0202	GCLL-0019	GCLL-0080	GCLL-0289	GCLL-0024	GCLL-0266	GCLL-0092	GCLL-0242	GCLL-0099	GCLL-0025	GCLL-0074	GCLL-0157	GCLL-0079	GCLL-0192	GCLL-0279	GCLL-0306	GCLL-0300	DFCI-5195	GCLL-0280	GCLL-0313	GCLL-0142	DFCI-5141	GCLL-0108	GCLL-0049	GCLL-0014	GCLL-0113	GCLL-0181	GCLL-0026	GCLL-0254	GCLL-0091	GCLL-0103	DFCI-5172	DFCI-5071	GCLL-0237	GCLL-0015	GCLL-0035	GCLL-0010	DFCI-5017	GCLL-0314	GCLL-0122	GCLL-0143	DFCI-5066	GCLL-0057	GCLL-0165	DFCI-5127	GCLL-0166	GCLL-0105	GCLL-0224	DFCI-5072	GCLL-0124	GCLL-0050	DFCI-5018	DFCI-5075	GCLL-0211	DFCI-5086	GCLL-0250	GCLL-0239	GCLL-0276	GCLL-0260	GCLL-0205	GCLL-0271	DFCI-5178	GCLL-0231	GCLL-0274	GCLL-0283	GCLL-0311	GCLL-0295	GCLL-0199	GCLL-0123	GCLL-0160	GCLL-0136	GCLL-0102	GCLL-0090	GCLL-0127	DFCI-5175	GCLL-0216	GCLL-0214	GCLL-0164	GCLL-0109	DFCI-5211	GCLL-0042	GCLL-0180	GCLL-0082	GCLL-0269	GCLL-0081	GCLL-0299	GCLL-0038	DFCI-5215	GCLL-0044	GCLL-0032	GCLL-0206	GCLL-0021	GCLL-0178	GCLL-0043	GCLL-0141	GCLL-0011	GCLL-0058	GCLL-0286	GCLL-0146	GCLL-0215	GCLL-0213	GCLL-0200	GCLL-0088	GCLL-0253	GCLL-0217	DFCI-5196	GCLL-0111	GCLL-0294	DFCI-5026	GCLL-0055	GCLL-0191	GCLL-0196	GCLL-0172	DFCI-5120	GCLL-0278	GCLL-0130	GCLL-0149	GCLL-0212	DFCI-5091	GCLL-0281	GCLL-0059	GCLL-0139	DFCI-5160	GCLL-0245	DFCI-5174	GCLL-0287	GCLL-0154	GCLL-0005	DFCI-5197	GCLL-0273	GCLL-0264	GCLL-0065	GCLL-0243	DFCI-5119	GCLL-0094	GCLL-0053	GCLL-0203	DFCI-5182	GCLL-0268	DFCI-5027	GCLL-0272	DFCI-5167	DFCI-5079	GCLL-0115	DFCI-5108	DFCI-5142	GCLL-0167	GCLL-0226	DFCI-5129	DFCI-5085	DFCI-5109	GCLL-0034	DFCI-5132	DFCI-5077	GCLL-0190	DFCI-5183	GCLL-0114	GCLL-0298	GCLL-0086	GCLL-0218	DFCI-5090	GCLL-0037	DFCI-5136	GCLL-0003	GCLL-0107	GCLL-0054	DFCI-5191	GCLL-0056	GCLL-0259	DFCI-5133	DFCI-5130	DFCI-5121	GCLL-0151	GCLL-0076	GCLL-0047	DFCI-5171	GCLL-0171	GCLL-0238	GCLL-0169	GCLL-0018	DFCI-5089	DFCI-5177	GCLL-0194	GCLL-0062	DFCI-5192	DFCI-5188	GCLL-0072	DFCI-5186	GCLL-0184	GCLL-0138	DFCI-5113	GCLL-0100	GCLL-0249	GCLL-0174	GCLL-0008	GCLL-0007	GCLL-0070	GCLL-0002	GCLL-0110	GCLL-0064	GCLL-0188	GCLL-0241	DFCI-5213	DFCI-5019	DFCI-5179	GCLL-0275	DFCI-5190	GCLL-0132	DFCI-5150	GCLL-0031	GCLL-0185	DFCI-5047	DFCI-5153	GCLL-0152	DFCI-5209	DFCI-5078	DFCI-5212	GCLL-0305	GCLL-0077	GCLL-0233	GCLL-0175	DFCI-5049	DFCI-5135	GCLL-0225	DFCI-5115	DFCI-5146	GCLL-0116	GCLL-0229	DFCI-5185	DFCI-5198	GCLL-0117	GCLL-0261	DFCI-5144	DFCI-5189	DFCI-5166	GCLL-0033	DFCI-5128	DFCI-5012	DFCI-5041	GCLL-0020	DFCI-5163	GCLL-0083	GCLL-0001	GCLL-0004	GCLL-0012	DFCI-5139	GCLL-0219	GCLL-0210	GCLL-0176	GCLL-0177	DFCI-5122	DFCI-5199	GCLL-0223	DFCI-5044	GCLL-0228	GCLL-0073
chr2	102316346	102316348	0.375	0.312	0.918	0.256	0.902	1	0.264	0.882	1	0.919	0.935	0.636	0.92	0.483	0.977	1	0.907	0.966	0.0962	0.368	1	0.0685	1	1	0.886	1	0.958	0.51	0.714	0.966	0.977	0.889	1	0.963	0.891	0.924	0.602	0.983	0.941	0.984	0.354	0.0889	0.92	0.978	0.964	0.843	0.964	0.136	0.375	0.818	0.569	0.519	0.959	0.878	0.937	0.935	0.969	0.947	1	0.654	0.343	0.219	0.897	0.968	0.854	1	0.922	0.961	0.159	0.933	0.964	0.864	1	0.706	0.881	1	1	0.983	0.133	0.8	0.912	0.462	0.98	0.941	1	0.935	0.978	0.963	0.984	0.483	0.733	1	0.958	0.974	0.648	0.955	0.974	0.967	0.678	0.518	0.966	0.865	0.277	0.56	0.902	0.667	0.97	0.94	1	0.976	0.969	0.953	0.952	0.797	0.833	0.926	1	0.894	0.822	0.979	0.939	0.877	0.49	0.918	0.931	0.907	0.83	0.0588	0.947	0.962	0.37	1	0.843	0.729	0.842	0.952	0.581	0.648	0.956	0.762	1	0.979	1	0.913	0.949	0.544	0.923	0.493	0.986	1	0.803	1	1	1	0.979	0.848	0.958	0.952	0.958	0.933	0.55	0.897	1	0.912	0.885	0.877	0.85	0.907	0.907	1	1	0.579	0.962	0.826	0.974	0.609	0.978	1	0.875	0.25	0.875	0.872	0.258	0.0667	1	0.589	0.912	0.658	0.312	0.917	0.944	0.711	0.886	0.395	0.545	0.935	0.889	0.259	0.421	0.632	0.0484	0.474	0.0635	0.161	0.444	0.5	0.85	0.951	0.716	0.526	0.583	0.375	0.511	0.684	0.433	0.576	0.895	0.355	0.318	0.288	0.846	0.434	0.915	0.205	0.69	0.413	0.9	0.5	0.377	0.424	0.0333	0.519	0.293	0.474	0.918	0.913	0.279	0.636	0.939	0.601	0.125	0.886	0.0175	0.543	0.64	0.263	0.365	0.513	0.108	0.683	0.324	0.4	0.326	0.0638	0.611	0.171	1	0.812	0.5	0.0851	0.132	0.444	0.636	0.0645	0.924	0.0556	0.0189	0.0185	0.44	0.0435	0.562	0	0.89	1	0.111	0.118	0.818	0.963	0.702	0.117	0.114	0.0682	0.434	0.0333	0.267	0.197	0.263	0.333	0.0652	0.0385	0	0.138	0.0455	0.0455	0.138	0.122	0.0526	0.093	0.38	0.481	0.0563	0.25	0.0377	0.758	0	0	0.1	0.593	0.205	0.302	0	0.25	0.00813	0.231	0.0488	0.0132	0.129	0.211	0.0882	0.31	0.116	0.467	0.333	0.0698	0.207	0.0286	0.025	0.058	0.0526	0.046	0.0762	0.0385	0.0312	0.24	0.0417	0.0435	0.674	0.135	0.175	0.275	0.143	0.453	0.382	0.0256	0.0328	0.358	0.0755	0.143	0	0.0153	0.0506	0.17	0	0	0.0488	0.141	0.0658	0.136	0.0217	0.0606	0.267	0.0896	0.143	0.0789	0.704	0.087	0	0.5	0	0	0	0.32	0.302	0.111	0.0806	0.119	0.192	0.55	0.263	0.295	0.444	0.0563	0.792	0	0.157	0.786	0.375	0.0455
chr2	242128163	242128165	0.824	0.781	0.941	0.906	0.979	1	0.953	0.977	1	1	0.911	1	0.979	0.385	0.96	1	0.983	1	1	0.979	0.977	1	0.949	1	0.946	1	0.934	0.938	0.974	1	0.886	0.93	1	0.981	0.95	0.971	0.979	0.964	0.773	0.958	1	0.974	1	0.909	0.897	0.981	0.945	1	0.925	1	1	0.9	0.896	0.886	0.944	0.915	0.921	0.941	1	0.636	0.923	1	0.96	1	1	0.875	0.925	0.711	0.938	0.88	0.931	0.971	0.957	0.983	0.483	0.833	1	0.907	0.957	0.907	0.583	0.96	1	0.938	0.431	0.957	0.911	1	0.968	0.97	1	0.988	0.933	1	0.722	0.977	1	0.947	0.958	0.574	1	0.909	0.514	0.68	0.902	0.949	1	1	1	0.973	0.939	0.933	1	0.824	0.913	1	1	1	0.93	0.925	1	0.951	0.898	0.826	0.911	0.911	0.891	0.957	0.955	0.844	0.96	1	0.818	1	1	0.967	0.85	0.937	0.952	0.932	1	0.979	0.949	0.933	0.973	1	0.927	0.98	0.917	1	0.852	0.941	0.974	1	1	0.927	0.95	1	1	1	0.974	1	1	0.975	1	0.886	1	0.981	0.959	1	1	1	1	1	0.843	0.892	0.992	0.892	0.889	0.969	1	0.935	0.927	1	0.902	0.978	1	0.947	0.793	0.955	1	1	0.914	0.781	0.967	1	0.894	0.956	1	0.913	0.921	0.953	0.0526	0.977	1	0.862	0.988	0.902	0.941	1	0.875	0.98	0.973	0.906	0.976	0.919	0.935	0.972	1	0.933	0.407	0.83	0.978	0.898	1	0.769	0.93	1	0.98	0.935	1	0.514	0.981	0.872	1	1	0.355	0.571	1	0.949	0.976	0.966	0.811	0.848	0.933	1	1	0.972	0.906	0.971	0.871	0.663	1	0.95	0.92	0.949	0.941	0.733	0.97	0.455	0.855	0.94	0.9	0.564	0.909	0.987	0.983	0.857	0.909	0.673	0.855	0.821	1	1	0.443	0.591	0.14	0.395	0.531	0.978	0.0707	0.05	0.549	0.794	0.154	0.697	0.093	0.0172	0.931	0.352	0.143	0.0758	0.0641	0.0556	0.605	0	0.925	0.852	0.159	0.231	0.587	0.149	0.766	0.0806	0	0.0938	0.114	0.188	0.241	0.811	0.0426	0.571	0.557	0.111	0.167	0.966	0.0588	0.214	0.971	0.806	0.346	0.037	0.576	0.0244	0.16	0	0.04	0.0732	0.118	0.351	0.948	0.652	0.279	0.421	0.0741	0.102	0.306	0.115	0.0494	0.486	0.415	0	1	0.324	0.0099	0.72	0.0435	0.118	0.108	0.0352	0.0429	0.556	0.0811	0.281	0.186	0.818	0.509	0.344	0.125	0.944	0.0882	0.714	0.0833	0.932	0.503	1	0.155	0.464	0	0	0.255	0.737	0.737	0.944	0.851	0.725	1	0.37	0.949	0.868	0.35	0.939	0.926	0.984	0.488	0.6	0.927	0.882
chr3	16419497	16419499	0.944	0.958	1	0.174	0.962	0.5	0.97	0.958	1	0.941	0.957	1	0.971	0.5	0.857	0.75	0.964	1	0.958	0.789	1	0.923	0.974	1	0.895	0.977	0.814	0.88	0.969	1	0.867	0.944	1	1	0.929	0.973	0.902	0.967	0.929	1	0.538	0.8	1	0.95	1	0.909	0.957	0.964	1	1	0.773	0.8	0.957	0.864	0.815	0.944	0.952	0.97	0.906	0.917	0.795	0.938	0.824	0.935	0.9	1	1	0.923	0.875	1	0.815	0.917	1	0.976	0.875	0.556	0.865	0.692	0.75	0.929	1	1	1	0.829	0.974	1	0.892	1	0.824	0.917	1	0.957	0.976	1	0.771	0.905	1	0.833	0.955	0.818	0.965	0.944	0.947	1	0.9	1	0.957	0.923	0.759	0.947	0.933	1	1	0.833	1	0.938	1	0.909	0.957	1	0.696	0.92	1	1	0.967	0.972	0.885	0.958	0.917	0.8	1	1	1	0.931	0.929	1	1	0.978	0.976	0.821	0.941	1	0.769	0.833	1	0.975	0.848	1	0.962	1	0.75	0.974	0.941	1	0.971	1	0.84	0.9	0.971	1	1	0.917	0.9	0.971	1	0.9	0.96	0.95	0.947	1	1	0.826	1	0.719	0.857	1	0.462	0.897	0.968	0.952	0.882	0.5	0.88	1	1	1	0.76	0.933	0.706	0.7	0.933	0.533	0.6	0.714	0.5	0.963	0.917	0.933	0.967	0.714	0.885	0.889	0.417	0.6	0.842	0.269	0.836	0.645	0.729	0.243	0.4	0.826	0.346	0.24	0.962	0.818	1	0.485	0.4	0.478	1	0.912	0.875	0.8	0.933	0.786	0.389	1	0.536	0.926	0.154	0.913	0.794	0.448	0.72	0.966	0.655	0.857	0.75	0.945	0.783	1	0.875	1	0.25	0.909	1	0.129	0.167	0.767	0	0.649	0.571	0.971	0.733	0.294	0.35	0.429	0.133	0.421	0.161	0.72	0.909	0.12	0.588	0.154	0.393	0.111	0.136	0.268	0.765	0.257	0.882	0.929	0.25	0.909	0.952	1	0.269	0.346	0.132	0.116	0.933	0.0571	0.098	0.105	0.0312	0.286	0.157	0	0.05	0.0167	0.208	0	0.0357	0.226	0.0345	0.0455	0.161	0.167	0.0312	0.157	0.192	0.0417	0.0811	0.154	0.515	0	0	0.354	0	0.0556	0.0492	0.316	0.154	0.111	0.667	0.0208	0.182	0.0526	0.0588	0.0588	0	0.075	0.129	0.2	0.1	0.0571	0.2	0.0267	0.362	0	0.606	0.158	0.263	0.163	0.211	0.455	0.25	0.217	0	0.0476	0	0	0.0476	0	0	0	0.0714	0.0312	0.129	0.0385	0	0	0.0455	0.351	0.95	0	0.0667	0.5	0.327	0.341	0.111	0.0625	0.633	0	0.4	0.231	0.2	0.0455	0.00847	0.0625	0.561	0.476	0.514	0.0303	0.581	0.969	0.72	0.0698	0.2	0.875	0.356	0	0.323	0	0.4	0.513
chr3	16419519	16419521	0.778	1	1	0.333	0.964	1	1	0.92	1	0.947	1	1	0.943	0.381	0.929	0.812	1	1	0.958	1	1	0.929	1	1	0.8	0.889	0.837	0.962	0.968	1	1	0.973	1	0.923	0.933	1	0.927	1	0.933	0.958	0.923	0.8	0.9	0.952	1	1	0.915	0.966	1	1	0.727	0.812	0.98	0.957	0.833	0.974	0.957	0.781	0.912	0.917	0.8	0.941	0.944	0.966	1	0.455	1	1	0.941	1	0.871	0.96	1	1	0.875	0.556	0.923	0.846	0.882	1	1	1	1	0.897	1	0.905	1	1	0.941	0.917	1	1	1	1	0.81	0.931	1	0.941	0.925	1	0.983	0.947	0.9	1	0.909	1	0.96	1	0.8	0.95	0.969	1	1	1	1	0.941	1	0.943	1	1	0.957	1	1	0.938	0.867	1	0.857	0.958	1	1	1	1	0.938	0.9	0.938	1	0.95	0.98	0.979	0.933	0.812	0.737	0.833	0.833	1	0.976	0.943	1	1	1	0.833	1	1	1	1	1	0.92	0.909	0.938	1	0.919	0.933	0.968	1	1	0.75	0.962	1	0.952	1	1	0.909	1	0.879	0.955	0.972	1	0.607	0.968	1	1	0.526	0.846	1	1	1	0.769	0.944	0.75	0.818	1	0.895	0.737	0.8	0.805	1	0.889	0.939	1	0.714	1	0.953	0.72	0.851	0.556	0.4	0.855	1	0.91	0.342	1	1	0.385	0.96	1	0.913	1	0.871	0.9	0.913	1	1	0.765	0.808	1	1	0.737	1	1	0.9	0.741	1	0.971	0.714	1	0.933	0.929	0.875	0.714	0.959	0.913	1	0.88	0.964	1	1	1	0.455	0.167	0.867	0.735	0.926	0.952	0.886	0.69	0.619	0.65	1	0.2	1	0.152	0.963	0.957	0.333	0.583	0.462	0.966	0.522	0.625	0.476	0.8	0.59	1	1	0.524	0.957	0.95	1	0.357	0.636	0	0.167	0.931	0.118	0.264	0.421	0.0476	0.286	0.226	0	0.0455	0.108	0.167	0.154	0.0345	0.29	0.97	0.542	0.176	0.143	0.0462	0.176	0.346	0.458	0.184	0.519	0.594	0	0.4	0.446	0.0455	0.177	0.133	0.3	0.5	0.605	0.368	0.0208	0.333	0.579	0.306	0.143	0.364	0.0909	0.171	0.357	0.16	0.158	0.16	0.0676	0.354	0	0.875	0.105	0.263	0.245	0.7	0.682	0.541	0.364	0	0.116	0	0.548	0.148	0.0476	0.0667	0	0.107	0	0.286	0.171	0	0.667	0.0889	0.4	1	0.0385	0.143	0.571	0.204	0.854	0.333	0.312	0.783	0.0645	0.12	0.923	0.2	0.087	0.00847	0.867	0.571	0.619	0.974	0.0606	0.735	0.971	0.897	0.222	0.6	0.909	0.617	0	0.395	0	1	0.789
chr3	194930169	194930171	0.64	0.0667	0.471	0.92	0	0.129	0.149	0.0676	0.0408	0.109	0.114	0.404	0.06	0.447	0.0652	0.326	0.0345	0.0667	0.933	0.9	0.0526	0.442	0.0208	0	0.0233	0	0	0.264	0.385	0.0303	0.0806	0.0758	0.386	0.0597	0.107	0.0781	0.381	0	0.0455	0.082	0.896	0.926	0.0204	0.297	0.143	0.147	0.038	0.167	0.563	0.778	0.902	0.654	0.145	0	0.0806	0.0426	0.0149	0.115	0.134	0.889	0.465	0.781	0.273	0.0698	0.648	0.0385	0.152	0	0.968	0.0263	0.707	0.452	0.48	0.307	0.16	0.161	0.117	0.0926	0.0714	0.59	0.125	0.0167	0.393	0.391	0.0152	0.118	0.0147	0.361	0	0.816	0.87	0	0.876	0.194	0.413	0.893	0.0417	0.037	0.121	0.422	0.0963	0.967	0.8	0.579	0.0417	0.3	0.26	0.0968	0.511	0.433	0.0143	0.55	0.114	0.123	0.517	0.294	0.222	0.354	0.093	0.406	0.243	0	0.0172	0.087	0.0244	0.173	0.882	0.783	0.105	0	0.107	0	0.111	0.452	0.0208	0.0476	0.939	0	0.011	0.29	0.162	0	0.105	0.966	0.0545	0.302	0.0851	0.176	0.0854	0	0.343	0	0.111	0.0152	0.0303	0.96	0.0732	0.0278	0.105	0.037	0.478	1	0	0.734	0.304	0.143	0.897	0.0465	0.292	0.105	0.222	0.08	0.154	0.239	0.0784	0.158	0.222	0.282	0.5	0.762	0.06	0.324	0.773	0.344	0.22	0.439	0.987	0.846	0.952	0.957	0.871	0.784	0.875	0.0508	0.556	0.925	0.896	0.877	0.0794	0.824	0.905	0.338	0.328	0.781	0.583	0.141	0.955	0.136	0.676	0.213	0.692	0.5	0.568	0.714	0.333	0.639	0.0278	0.08	0.647	0.296	0.485	0.0192	0.486	0.279	0.846	0.926	0.857	0	0.456	0.364	0.151	0.0612	0.322	0.0638	0.242	0.395	1	0.557	0.161	0.604	0.366	0.538	0.05	0.312	0.109	0.857	0.742	0.538	0.263	0.571	0.9	0.541	0.559	0.143	0.957	0.4	0.8	0.857	0.613	0.0816	1	0.788	0.364	0.353	0.458	0.458	0.0588	0.0417	0.636	0.875	0.917	0.255	0.519	0.526	0.697	0.833	0.943	0.98	0.854	0.948	0.933	1	0.945	0.6	0.992	0.809	0.914	0.947	1	0.979	0.975	0.94	0.768	0.978	1	0.964	0.976	0.805	0.969	0.788	0.645	0.244	0.658	0.899	0.917	0.963	0.963	0.581	0.822	0.87	0.894	0.889	0.928	1	0.853	0.862	0.977	0.892	0.875	0.702	0.2	0.87	1	0.887	0.75	0.778	0.778	1	0.882	0.967	0.889	0.426	0.935	0.786	1	0.873	0.9	0.938	0.775	1	0.75	0.882	1	1	0.993	0.804	1	0.981	0.946	0.579	0.85	0.649	0.9	1	0.989	1	0.966	0.792	0.9	0.941	0.366	0.656	0.5	0.629	0.992	0.978	0.87	1	1	0.694	0.802	0.762	0.872	0.963	1	0.906	0.97	0.87	0.979	0.8	0.773	0.638	0.986	0.885	0.739	0.917	0.472	0.375
chr5	1522120	1522122	0.977	0.0278	0.763	0.531	0.857	0.167	0.528	0.87	0.952	0.964	0.922	0.552	0.883	0.387	0.951	0.84	0.919	0.866	0.88	0.821	0.432	1	0.817	0.75	0.677	0.889	0.32	0.818	0.842	0.923	0.902	0.451	1	0.6	0.967	0.485	0.705	0.814	0.533	0.5	0.864	0.516	0.893	0.521	0.467	0.886	0.829	0.879	0.744	0.841	0.911	0.83	1	0.531	0.917	0.417	0.571	0.37	0.935	0.778	0.53	0.971	0.737	0.892	0.872	0.867	0.825	0.842	0.885	0.896	0.438	0.545	0.692	0.43	0.943	0.5	0.914	0.981	0.68	0.853	0.982	0.238	0.918	0.931	0.939	0.914	0.93	0.806	0.857	0.805	0.946	0.306	0.966	0.893	0.769	0.69	0.843	0.718	0.92	0.5	0.769	0.722	0.627	0.919	0.956	1	0.897	0.72	0.878	0.875	0.927	1	0.609	0.545	0.852	0.351	0.933	0.787	0.471	0.9	0.435	0.922	0.96	0.75	0.465	0.978	0.895	0.947	0.846	0.969	0.818	0.444	0.6	0.548	0.857	0.271	0.857	0.88	0.978	0.828	0.562	0.922	0.886	0.5	0.979	0.912	0.795	0.93	0.339	0.889	0.868	0.86	0.875	0.957	0.98	0.636	0.821	0.722	0.873	0.971	0.979	0.407	0.833	0.515	1	0.692	1	0.913	0.984	0.824	0.529	0.923	0.476	0.657	0.871	0.957	0.93	0.685	0.435	1	1	0.878	0.71	0.4	0.125	0.926	0.86	0.826	0.684	0.638	0.88	0.885	0.675	0.543	0.519	0.853	0.781	0.561	0.841	0.889	0.97	0.1	0.928	0.436	0.414	0.0385	0.463	0.639	0.0568	0.0889	0.357	0.106	0.12	0.158	0.559	0.367	0.143	0.0833	1	0.398	0.538	0.492	0.889	0.639	0.586	0.556	0.833	0.552	0.0938	0.345	0.467	0.326	0.841	0.0606	0.795	0.417	0.848	0	0.515	0.326	0.718	0.333	0.246	0.345	0.174	0.441	0.61	0.625	0.128	0.486	0.745	0.644	0.682	0.214	0.0769	0.08	0.7	0.435	0.939	0.357	0.571	0.547	0.333	0.107	0.742	0.164	0.64	0.0408	0.25	0.281	0.585	0.342	0.744	0.5	0.121	0.0789	0.27	0.905	0.426	0.633	0.177	0.0896	0.148	0.0606	0.282	0.0674	0.0556	0.586	0.48	0	0.205	0.2	0.04	0.875	0.395	0.0588	0.0233	0.02	0.169	0.05	0.444	0.512	0.304	0.605	0.0541	0.656	0.472	0	0.188	0.216	0.0357	0.113	0.155	0.136	0.133	0.38	0.158	0.188	0.231	0.13	0.0238	0.111	0.273	0.116	0.12	0	0.087	0.156	0.609	0.135	0.345	0.0556	0.511	0.2	0.125	0.093	0.111	0.147	0.319	0.333	0.143	0.118	0.0566	0.0746	0.029	0.0667	0.17	0.0233	0.0682	0.0318	0.111	0.25	0.0741	0.0833	0.342	0.233	0.1	0.0441	0.0833	0.15	0.0968	0.263	0.111	0.319	0.118	0.0488	0.548	0	0.286	0.0172	0.147	0.412	0.0641	0.192	0.367	0.13	0.868	0.982	0.586	0	0	0	0.444	0.0227	0.714	0.294	0.417	0.218
chr5	78204391	78204393	0.432	0.069	0.271	0.385	0	0	0.153	0.115	0.0303	0.111	0	0	0.0566	0.37	0	0.0556	0.0238	0.0115	0.143	0	0.05	0	0	0	0.0227	0.125	0	0.102	0.0213	0.069	0.0213	0	0	0.0196	0.098	0.153	0	0.069	0	0	0.152	0	0	0	0.0789	0.0208	0.469	0.0233	0.367	0.4	0.18	0.186	0.02	0.481	0.0323	0.0676	0	0	0.0526	0.169	0.144	0.087	0.136	0	0	0.0312	0.0233	0.0357	0.159	0	0.0625	0	0	0	0	0	0.0769	0.0769	0.0328	0.349	0	0.037	0	0.0484	0.0234	0.114	0.14	0.12	0	0.468	0.111	0	0.0345	0.0323	0.148	0.0968	0	0	0.0714	0.16	0.0159	0.0208	0.0392	0.0667	0.0182	0	0	0.0278	0	0	0.0833	0.152	0	0.103	0.0652	0.273	0.189	0.0755	0	0	0.0392	0.0312	0.0227	0.0244	0	0	0.306	0.568	0	0	0	0	0	0.0482	0.0526	0.0465	0.0811	0.0404	0	0.0533	0	0.4	0	0	0	0.0294	0.2	0.0238	0	0	0.167	0	0	0	0	0.414	0.476	0.261	0.0227	0.0588	0.0972	0.0385	0.0784	0	0	0.135	0.0417	0.0444	0.0333	0.1	0.444	0	0	0.16	0.0789	0	0.156	0.175	0.037	0.0545	0.0857	0.159	0.0588	0.692	0	0.0278	0.208	0.179	0.804	0.184	0	0.351	0.286	0.0952	0.295	0.125	0.284	0.0556	0	0.625	0.087	0.058	0.08	0.0484	0.357	0.0208	0.0784	0.4	0.0978	0	0	0.4	0.167	0.0222	0.0909	0.138	0.517	0.0308	0	0.143	0	0	0.326	0.569	0.182	0.0213	0.258	0.0429	0.0196	0.19	0.0227	0.0833	0.167	0	0	0.0333	0.182	0.25	0.111	0.122	0.0645	0	0.04	0	0.0588	0	0.118	0.0286	0.0476	0.341	0	0.164	0.0189	0.0196	0.0625	0.172	0.357	0.0556	0.0286	0.0833	0.0714	0.184	0.195	0.0303	0.0417	0	0	0.103	0.04	0.526	0.409	0.941	0.691	0.25	0.593	0.711	0.143	0.344	0.868	0.842	0.294	1	0.762	0.949	0.773	0.971	0.87	1	0.889	1	0.643	0.926	0.875	0.431	0.206	0.889	0.889	0.859	0.767	0.737	0.947	0.2	1	0.8	0.375	0.833	0.875	0.474	0.241	0.706	1	0.857	0.962	0.789	0.926	0.944	0.789	1	0.583	0.588	0.425	0.861	0.571	0.949	0.55	0.742	0.919	0.868	0.867	0.952	0.903	0.938	0.885	0.889	0.276	0.964	0.879	0.636	0.412	0.645	1	0.955	0.727	0.933	0.928	0.918	0.4	0.625	0.909	0.913	0.95	0.933	0.0476	1	0.905	0.866	0.846	0.481	0.815	0.919	0.789	0.971	0.25	0.808	0.88	0.538	0	0.211	0.8	0	0.053	0.368	0.25	0	0.0345	0.027	0.127	0.571	0.617	0	0.769	0.629	0.613	0	0.0566	0.857	0.241	0.568
chr6	159639154	159639156	1	0.8	1	0.688	0.935	0.667	0.913	0.966	0.972	0.773	1	0.967	0.722	0.667	0.944	0.9	0.842	0.946	0.96	0.714	1	0.947	0.871	0.8	0.9	0.971	0.843	0.917	0.935	0.842	0.955	0.762	0.778	0.95	0.903	0.632	0.934	0.846	0.538	0.974	1	0.923	1	1	1	0.667	0.659	0.895	0.977	0.914	0.739	0.903	0.885	0.947	0.935	0.933	0.56	0.667	0.776	0.905	0.889	1	0.941	0.842	1	0.778	0.591	0.87	0.971	1	0.893	0.958	0.857	0.972	0.8	1	0.591	0.6	0.867	0.478	1	0.471	0.914	0.643	0.871	0.938	0.972	0.967	0.862	0.967	0.923	0.943	0.896	0.958	0.64	0.833	1	0.915	0.76	0.842	0.99	0.391	0.947	1	0.864	1	0.657	0.529	0.95	1	1	0.8	0.824	0.821	0.941	0.914	0.963	0.588	0.783	0.92	0.903	0.9	1	1	0.912	0.851	0.818	0.901	0.92	0.962	0.684	1	0.826	0.871	0.545	0.895	0.875	0.878	0.957	0.9	0.933	0.538	1	0.9	0.825	0.553	0.968	0.958	0.485	0.895	0.412	0.979	1	0.45	1	1	0.941	0.933	0.909	0.933	0.926	0.933	0.6	0.519	0.36	0.955	0.333	0.968	0.92	1	1	0.762	0.966	0.939	0.941	0.812	0.784	1	0.846	0.28	1	0.765	0.96	0.88	0.593	0.457	1	0.8	0.96	1	0.955	0.846	0.765	0	0.682	0.9	0.857	0.889	0.96	0.889	0.926	0.66	0.762	0.0588	0	0	0.469	0.125	0.0385	0.333	0.0513	0.182	0.0938	0.0417	0	0.227	0.0455	0.326	0	0.0976	0.0303	0.0952	0.128	0.0606	0.143	0.0417	0.19	0.0833	0.353	0.476	0.0588	0.25	0.103	0.148	0.0476	0.0476	0.0732	0	0.0645	0.0294	0.162	0.0455	0	0.0909	0.037	0	0.25	0.0789	0.107	0.269	0.115	0.462	0.414	0.0597	0.135	0.0667	0.214	0.471	0	0	0.4	0.469	0.185	0	0.182	0.025	0.442	0	0.143	0.167	0.679	0.407	0.333	0.609	0	0.167	0.92	1	0.103	0.167	0.154	0.15	0.203	0.0303	0.0877	0.192	0.0588	0	0	0	0.0303	0.0952	0.0556	0.103	0	0.167	0	0.0303	0.0189	0.667	0.114	0.172	0	0.436	0	0	0.143	0.5	0.0227	0.324	0	0.0385	0.0935	0.789	0.0952	0.0204	0.111	0.087	0.118	0.188	0.0377	0.0417	0.529	0.0417	0.302	0	0.0638	0.05	0.0541	0.0204	0.0256	0.05	0	0.385	0	0.0345	0.292	0.143	0.226	0	0.24	0.0577	0.0208	0.0345	0.0204	0.0357	0.0526	0.125	0	0.022	0.0851	0.286	0.133	0	0.156	0	0.0417	0	0	0.069	0.0811	0.0652	0	0	0.179	0	0.0488	0	0	0	0.326	0.0769	0.0732	0.133	0.0385	0.0909	0.129	0	0.269	0.0455	0.364	0.0312	0.831	0.0227	0.179	0.6	0.179	0.114
chr6	34004511	34004513	0.434	0.31	0.629	0.725	0.0862	0.889	0.394	0.324	0.357	0.761	0.8	0.833	0.806	0.321	0.8	0.714	0.925	0.548	0.865	0.545	0.462	0.522	0.874	0	0.817	0.966	0.737	0.286	0.957	0.576	0.912	0.739	0.2	0.891	0.543	0.652	0.364	0.38	0.796	0.652	0.6	0.789	0.812	0.819	0.805	0.773	0.857	0.0536	0.6	0.722	0.833	0.762	0.919	0.7	0.795	0.894	0.463	0.766	0.393	0.747	0.389	0.915	0.519	0.464	0.771	0.857	0.865	0.0204	0.603	0.0833	0.491	0.833	0.721	0.435	0.5	0.75	0.447	0.848	0.0469	0.0882	0.409	0.81	0.741	0.557	0.268	0.477	0.897	0.606	0.792	0.792	0.515	0.918	0.818	0.795	0.333	0.8	0.911	0.612	0.846	0.513	0.786	0.404	0.116	0.275	0.493	0.222	0.541	0.837	0.892	0.0645	0.92	0.812	0.889	0.258	0.784	0.92	0.83	0.797	0.443	0.115	0.6	0.278	0.483	0.594	0.831	0.855	0.452	1	0.736	0.818	0.66	0.471	0.824	0.687	0.764	0.85	0.538	0.806	0.915	0.636	0.306	0.986	0.419	0.7	0.4	0.0133	0.236	0.471	0.833	0.96	0.537	0.985	0.48	0.484	0.554	0.216	0.625	0.205	0.875	0.896	0.248	0.842	0.479	0.932	0.722	0.462	0.953	0.444	0.486	0.786	0.615	0.941	0.706	0.697	0.806	0.868	0.58	0.949	0.478	0.61	0.724	0.346	0.791	0	0.36	0.464	1	0.685	0.259	0.673	0.846	0.682	0.636	0.643	0.683	0.735	0.679	0.195	0.434	0.654	0.625	0.447	0.865	0.0462	0.0345	0	0.2	0.069	0.105	0	0.539	0.0645	0.0377	0.667	0.75	0.341	0.0612	0.08	0.04	0	0.0147	0.476	0.513	0.0469	0.105	0.0633	0.111	0.25	0.431	0.447	0.0256	0.0781	0.0702	0.0678	0.368	0.459	0.247	0	0.404	0.168	0.0417	0.0465	0.128	0.404	0.0909	0.0328	0.593	0.0784	0.75	0.203	0.789	0.571	0.375	0.0116	0.2	0.12	0.267	0.545	0.027	0.319	0.246	0.412	0.134	0	0.506	0.0625	0.121	0.507	0.135	0.462	0.524	0.0682	0.857	0	0.0417	0.196	0.381	0.824	0.0417	0.123	0.304	0.125	0.316	0.115	0.135	0.075	0.00926	0	0.0429	0	0.0182	0.0729	0	0.0536	0	0.0968	0.0571	0.0133	0.0303	0.211	0.0606	0.222	0	1	0	0	0.08	0.182	0.188	0.341	0.0536	0.0353	0	0.478	0.0577	0.0227	0.188	0.0204	0	0.571	0.127	0	0.258	0	0.108	0.0833	0.0794	0.0222	0.14	0.0641	0.0455	0.222	0.0278	0.0667	0.0435	0	0.0857	0.0909	0.0968	0.435	0	0	0.0417	0	0.0286	0.103	0	0.286	0	0.0219	0.0482	0.5	0.194	0.273	0.333	0.05	0.0741	0.0714	0.286	0.0667	0	0	0.235	0.0286	0.0526	0	0.118	0.0263	0	1	0.418	0.0312	0.31	0.125	0.12	0.0541	0	0	0.259	0.0312	0.133	0.033	0.265	0.08	0.0862	0	0.0444	0.329
chr6	159639148	159639150	0.615	0.971	0.548	0.844	0.9	1	0.884	0.935	0.933	0.875	0.938	0.968	0.493	0.63	1	1	0.955	0.975	0.674	0.905	0.545	0.942	0.959	1	0.933	0.963	0.96	0.925	0.934	0.955	0.984	0.934	0.857	0.957	0.985	0.902	0.978	0.945	0.543	0.892	0.941	0.957	0.85	0.882	0.868	0.889	0.952	0.927	0.926	0.864	0.967	0.938	0.969	0.868	0.945	0.957	0.82	0.855	0.942	0.927	0.958	1	0.936	0.989	1	0.92	0.875	0.981	0.903	0.989	0.817	0.86	0.96	1	0.673	1	0.86	0.916	0.824	0.966	0.889	0.885	0.988	0.916	0.945	0.933	0.882	1	0.962	0.923	0.952	0.951	0.959	0.98	0.903	0.919	0.957	0.936	0.867	0.604	0.978	0.846	0.819	0.95	0.909	0.981	0.775	0.959	0.961	0.925	0.986	0.884	0.922	0.919	0.95	0.942	0.981	0.931	0.936	0.924	0.957	0.632	0.946	0.981	0.852	0.978	0.887	0.956	0.947	0.981	0.909	1	0.847	0.904	0.615	0.961	0.93	0.984	0.94	0.931	0.934	0.93	1	0.967	0.923	0.632	0.942	0.894	0.975	0.963	0.7	0.978	0.964	0.5	0.932	0.837	0.957	0.903	0.927	0.955	0.932	0.903	0.926	0.736	0.796	0.981	0.914	0.956	0.9	0.982	0.909	0.617	0.91	1	0.932	0.929	0.969	0.971	0.98	0.902	1	0.667	0.949	0.988	1	0.526	1	0.868	0.955	0.91	0.961	0.865	0.76	0.333	0.909	0.948	0.828	0.932	0.987	0.87	0.635	0.696	1	0.125	0	0.042	0.42	0.0455	0.104	0.444	0.0843	0.136	0.414	0.0323	0.102	0.375	0.04	0.385	0	0.0488	0.0448	0.179	0.216	0.0429	0.211	0.0247	0.222	0.0714	0.164	0.714	0.0361	0.707	0.113	0.226	0.075	0.0889	0.192	0.0385	0.0508	0.114	0.121	0.133	0.0976	0.114	0.0968	0.0149	0.387	0.0267	0.4	0.352	0.0488	0.561	0.446	0.0826	0.152	0.0893	0.135	0.6	0.0857	0.0448	0.284	0.469	0.217	0.0333	0.22	0.0865	0.495	0.0536	0.185	0.493	0.671	0.182	0.562	0.655	0.0938	0.254	0.978	0.919	0.0667	0.162	0.0935	0.0886	0.207	0.215	0.162	0.139	0.069	0.133	0.0303	0	0.113	0.125	0.00917	0.0694	0.0189	0.17	0.0462	0.0149	0.0336	0.516	0.0566	0.203	0.394	0.152	0.02	0	0.0976	0	0.0152	0.239	0.06	0.0476	0.115	0.289	0.0889	0.0787	0.0952	0.0714	0.111	0.194	0.138	0.15	0.382	0.0353	0.289	0.0541	0.0575	0.151	0.0405	0.105	0.0465	0.0938	0.0361	0.132	0	0.0423	0.269	0.164	0.194	0.02	0.176	0.0778	0.0843	0.108	0.102	0.0769	0.114	0.132	0.156	0.0294	0.0648	0.159	0.0462	0	0.132	0.0833	0.0962	0	0.0652	0.0588	0.038	0.106	0.118	0.099	0.138	0.0169	0.289	0.0278	0.15	0.0602	0.0817	0.182	0.147	0.111	0.0617	0.0769	0.235	0.0175	0.312	0.109	0.217	0.0548	0.848	0.0891	0.0909	0.321	0.183	0.0549
chr6	159639256	159639258	0.922	0.806	0.938	0.86	0.845	1	0.872	0.877	0.95	0.569	0.984	0.985	0.976	0.432	1	0.885	0.953	0.947	0.902	1	0.957	1	0.99	0.95	0.879	0.956	0.926	0.797	0.942	0.933	0.741	0.887	1	0.958	0.918	0.961	0.903	0.929	0.87	1	0.932	0.92	0.976	0.923	1	0.92	0.941	0.935	0.5	0.756	0.979	0.892	0.933	0.674	0.955	0.931	0.97	0.922	0.987	0.972	0.902	0.933	1	0.81	0.93	0.95	0.893	0.922	0.97	0.931	0.928	0.935	0.947	1	0.968	1	0.923	0.981	0.882	0.962	1	0.986	0.933	0.889	0.96	0.368	0.987	0.703	0.927	0.964	0.94	0.962	0.969	0.921	0.662	0.875	0.911	0.483	0.947	0.468	0.944	0.885	0.909	1	0.961	0.977	0.938	0.875	0.967	1	0.97	0.857	0.95	0.907	0.897	0.478	0.979	0.486	0.935	1	0.831	0.952	0.623	0.968	0.944	1	0.896	0.943	0.958	1	0.897	1	0.977	0.941	0.918	0.969	0.744	0.915	0.96	0.93	0.972	0.963	0.404	1	0.972	0.953	0.563	0.98	0.974	1	0.741	0.595	0.882	1	1	0.944	0.9	1	0.947	0.879	0.58	0.592	0.92	0.915	0.958	0.939	1	0.984	0.896	0.941	1	0.867	0.952	0.5	0.887	0.638	0.883	0.833	0.982	0.5	1	0.8	0.822	0.966	1	0.902	0.879	0.946	0.746	0.97	1	0.902	0.948	1	0.917	0.82	0.909	0.912	0.898	0.931	0.686	0.573	0.942	0.0484	0.0678	0.0133	0.675	0.107	0.183	0.533	0.0615	0.239	0.17	0.275	0.0862	0.488	0.21	0.377	0.0769	0.203	0.154	0.831	0.0545	0.149	0.636	0.516	0.317	0.05	0.0417	0.617	0.0141	0.103	0.087	0.24	0.0308	0.205	0.563	0.409	0.132	0.626	0.106	0.0256	0.246	0.348	0.182	0.961	0.509	0.429	0.116	0.314	0.069	0.5	0.86	0.823	0.4	0.158	0.148	0.917	0.0571	0.109	0.32	0.552	0.446	0.0732	0.184	0.491	0.985	0.416	0.103	0.128	0.478	0.143	0.694	0.788	0.167	0.0962	1	0.941	0.0423	0.239	0.0811	0.0972	0.291	0.154	0.295	0.0636	0.0594	0.0333	0.1	0	0.0533	0.055	0.0769	0.0303	0.0652	0.2	0.0667	0	0.0388	0.28	0.104	0.238	0.435	0.0638	0	0.05	0	0.0417	0.196	0.429	0.0635	0.0429	0.0242	0.611	0.0426	0.0299	0.0294	0.0968	0.347	0.174	0.156	0.385	0.324	0.0816	0.544	0.0541	0.0857	0.222	0.108	0.0825	0.04	0.111	0.603	0.333	0	0.135	0.263	0.195	0.314	0.0508	0.0408	0.0727	0.0159	0.352	0.133	0.0152	0.146	0.0208	0.366	0.0963	0.022	0.239	0	0.0714	0.207	0.444	0.234	0	0.0385	0.209	0.13	0.0312	0.143	0.159	0.167	0.0182	0.0303	0.0444	0.0833	0.55	0.0189	0.188	0.0826	0.296	0.0513	0.111	0.373	0	0.373	0.0182	0.25	0.163	0.677	0.0656	0.228	0.5	0.182	0.0375
chr7	101599562	101599564	0.761	0.7	0.971	0.391	0.923	1	0.978	0.914	1	0.975	0.897	1	1	0.68	0.96	1	0.905	1	1	1	1	1	0.879	1	0.968	1	0.95	0.851	1	0.952	0.864	1	0.833	1	0.962	1	0.773	1	0.9	0.913	1	0.786	0.972	0.86	0.864	0.958	0.983	1	0.708	0.917	0.958	0.935	0.923	0.941	1	1	1	0.793	1	0.964	0.878	0.955	1	1	1	1	0.906	0.96	1	1	0.913	0.966	0.914	0.693	0.897	1	0.931	1	0.87	0.889	1	1	1	0.87	0.882	1	0.967	0.867	1	0.889	1	0.981	1	1	0.853	1	0.905	0.979	0.952	0.833	0.975	1	0.933	1	0.852	1	0.963	0.812	0.947	0.962	1	1	1	0.911	0.955	0.962	0.947	0.951	0.923	0.781	0.969	0.968	1	0.867	0.944	0.977	0.878	0.9	0.889	1	1	1	1	0.909	1	1	1	0.932	0.971	0.952	1	1	0.938	1	0.972	0.971	1	0.952	1	0.839	0.867	0.974	0.955	1	1	0.667	0.933	1	1	1	0.929	1	1	0.886	0.875	1	0.96	1	1	0.842	1	1	1	0.805	0.95	1	0.932	1	1	1	1	0.292	1	1	1	0.96	1	0.941	0.696	1	0.909	1	1	0.906	0.957	0.957	0.969	1	0.406	1	0.957	0.569	0.906	0.717	0.867	0.818	0.974	0.5	0.962	0.784	0.875	0.787	0.611	0.741	0.917	1	0.583	0.974	1	1	0.926	0.97	1	0.676	1	0.931	0.917	0.59	0.6	1	0.976	1	0.87	0.594	0.468	0.958	0.977	0.917	0.938	0.988	0.617	0.933	0.69	0.3	0.167	0.556	0.958	1	0.55	0.938	0.643	0.77	0.925	0.575	0.85	0.526	0.625	1	0.875	0.485	0.938	0.943	1	1	0.462	0.0923	0.69	0.447	0.462	0.84	0.838	0.774	0.864	1	0.531	0.762	1	0.947	0.3	0.59	0.133	0.395	0.646	0.1	0.949	0.119	0.577	0.312	0.0714	0.0769	0.63	0.0794	0.0789	0.0323	0.311	0.8	0.275	0.0909	0.281	0.231	0.0926	0.185	0.667	0.515	0	0.0833	0.625	0.211	0.455	0.667	0	0.222	0.0769	0.125	0.0385	0.0244	0.214	0.135	0.0476	0.152	0.143	0.583	0.222	0.365	0.286	0.375	0.29	0	0.344	0.368	0.721	0.0882	0.5	0.857	0	0.0741	0.64	0.333	0.0926	0.0645	0.0417	0.576	0.098	0.0638	0.383	0.0455	0	0.0645	0.0196	0.0561	0.109	0.5	0.231	0.0312	0.179	0.255	0.692	0.167	0.0571	0.25	0.125	0.18	0.182	0.0208	0.487	0.368	0.0238	0.0909	0.714	0.0702	0.11	0.167	0.0395	0.111	0.143	0.458	0.38	1	0.156	0.0385	0.6	0.189	0.681	0	0.143	0.636	0.15	0.209
chr7	101599571	101599573	0.761	0.75	1	0.478	0.917	1	0.978	0.914	1	0.947	0.966	0.872	1	0.625	1	1	0.905	1	1	1	0.913	1	0.941	1	0.935	1	0.952	0.889	1	1	0.818	0.968	1	1	1	1	0.889	1	0.895	0.933	1	1	0.917	1	0.783	1	0.966	1	0.833	1	0.958	0.8	0.885	0.875	0.957	1	1	0.968	1	0.964	0.959	0.783	0.95	1	1	1	0.909	1	1	1	0.957	1	0.886	0.689	0.903	0.929	0.933	0.971	0.739	0.889	1	0.885	1	0.891	1	1	0.939	1	1	0.852	1	0.925	1	1	0.788	1	0.905	0.961	0.989	0.833	0.988	1	0.938	1	0.963	1	0.963	0.875	1	0.962	0.941	1	1	0.913	0.955	1	1	0.951	0.923	0.938	0.935	1	1	0.867	0.943	1	0.896	1	0.963	1	1	1	0.962	0.969	1	1	1	1	0.971	0.976	1	1	0.941	1	0.917	0.97	0.976	0.984	0.953	0.935	0.893	1	0.955	0.905	1	0.8	0.967	1	1	0.867	0.964	1	0.98	1	1	1	1	0.969	1	0.895	1	1	1	1	0.949	0.935	0.947	1	1	0.969	1	0.32	1	1	1	1	0.846	0.944	0.682	1	0.952	1	0.955	0.875	0.913	0.935	0.968	1	0.25	1	0.955	0.571	0.906	0.72	0.933	0.818	1	0.543	0.981	0.75	0.781	0.696	0.714	0.875	0.857	1	0.583	0.949	1	1	0.889	0.969	0.912	0.667	1	0.931	0.909	0.538	0.644	1	0.909	0.97	0.87	0.7	0.605	0.913	0.953	0.917	1	0.988	0.66	0.867	0.935	0.324	0.229	0.476	0.962	0.886	0.65	0.941	0.643	0.797	0.85	0.65	0.9	0.55	0.706	1	1	0.424	0.969	0.962	1	1	0.44	0.123	0.607	0.615	0.462	1	0.861	0.781	0.864	1	0.469	0.667	1	1	0.448	0.649	0.133	0.455	0.688	0.103	0.947	0.0847	0.509	0.25	0.0769	0.0769	0.614	0.159	0.149	0.0323	0.4	0.8	0.289	0.0962	0.263	0.231	0.0769	0.291	0.636	0.469	0.138	0.0833	0.656	0.2	0.545	0.667	0.115	0.481	0.117	0.375	0.16	0.0952	0.214	0.216	0.0526	0.156	0.1	0.583	0.241	0.429	0.277	0.438	0.517	0	0.452	0.473	0.623	0.243	0.553	0.857	0.0556	0.182	0.68	0.524	0.0926	0.156	0.24	0.606	0.16	0.17	0.525	0.0682	0.0952	0.069	0.0196	0.028	0.234	0.514	0.231	0.0323	0.179	0.388	0.662	0.333	0.0571	0.118	0.225	0.22	0.227	0	0.64	0.263	0.0488	0.455	0.714	0.0678	0.137	0.154	0.11	0.3	0.209	0.522	0.367	0.75	0.467	0.08	0.6	0.229	0.667	0	0.148	0.636	0.2	0.262
chr8	19798372	19798374	0.222	0.467	0.571	0.174	0.318	0.4	0.875	0.0233	0	0.182	0.04	0	0.548	0.417	0	0.5	0.04	0	0.0784	0.0312	0.3	0.4	0.05	0.0909	0	0.0274	0.026	0.118	0.0256	0.0345	0.324	0.0385	0.0385	0.458	0.0909	0.164	0.0519	0.0263	0.722	0	0.0455	0	0.366	0	0.0417	0.0392	0.0526	0	0.365	0.513	0.278	0.167	0.175	0.108	0.143	0.0682	0.0233	0	0	0.05	0.0744	0.125	0.0417	0.0196	0.24	0.0833	0.02	0	0.0435	0	0.192	0.05	0.0256	0.169	0.119	0.517	0.05	0.0588	0.0571	0.121	0.0625	0	0	0.109	0	0	0	0	0	0.0417	0	0.0172	0.14	0.069	0.159	0.125	0.0256	0	0.0484	0.0938	0.462	0.167	0.0652	0.5	0.143	0	0.0217	0.069	0.0192	0.0303	0	0.5	0	0.0938	0.192	0.027	0	0.027	0.0192	0.0196	0.13	0.0435	0	0	0.439	0.037	0.27	0.0536	0	0	0.452	0.433	0.0556	0	0.429	0.302	0.103	0.113	0	0.141	0	0	0	0.333	0	0	0.0222	0	0	0.0702	0.188	0	0.06	0	0	0.0526	0.0303	0.0455	0.0909	0.08	0.333	0.0286	0.109	0.143	0.222	0.0667	0	0.075	0	0	0.125	0.0345	0.222	0.167	0	0.0333	0.00971	0	0.0833	0.196	0.133	0.269	0.037	0.12	0.0769	0.552	0.455	0.667	0.442	0.719	0.565	0.864	0.722	0	0.739	0.868	0.886	0.909	1	0.667	0.442	0.0746	0.429	0.443	0.944	0.0426	0.591	0.872	0.9	0.244	0.463	0.472	0.0769	0.944	0.485	0.778	0.947	0.885	0.316	0.944	0.306	0.311	0.4	0.913	0.789	0.854	0.719	0.875	0.431	1	0.836	0.93	0.442	0.96	0.795	0.676	0.419	0.605	0.514	0.877	0.984	0.864	0.953	0.935	0.676	0.404	0.321	0.867	0.786	0.613	0.425	0.729	0.442	0.867	0.967	0.464	1	0.947	1	0.381	0.895	0.535	0.469	0.914	0.846	0.625	0.946	0.959	0.964	0.725	0.786	0.453	0.857	0.875	0.4	0.679	0.8	0.621	0.366	0.686	0.514	0.857	0.548	0.909	0.673	0.62	0.426	1	0.977	0.765	0.0312	0.973	0.984	0.935	1	0.971	0.907	0.971	0.476	0.611	0.338	0.925	0.763	0.957	0.914	0.958	0.914	0.88	0.636	0.92	1	0.522	0.946	0.167	0.88	0.889	0.5	0.706	0.931	0.978	0.8	1	0.725	0.78	0.833	0.0769	0.507	0.95	0.708	0.932	0.984	0.848	0.432	0.263	0.875	0.735	0.875	0.947	0.929	0.533	0.949	0.189	0.978	0.971	1	0.929	0.838	0.962	0.481	0.606	0.933	0.641	0.259	1	0.9	0.881	0.333	0.64	0.8	0.87	0.566	0.5	0.875	0.966	0.972	0.789	0.977	1	1	0.907	0.931	1	0.889	1	0.919	0.941	0.786	0.194	0.639	0.837	0.824	0.809	0.958	1	0.531	1	0.972	0.5
chr9	5452108	5452110	0.886	0.75	0.417	0.353	0.484	0.923	0.633	0.925	0.632	0.538	0.75	0.565	0.761	0.475	0.267	0.5	0.951	0.983	0.167	0.556	0.633	0.0476	0.511	0.2	0.906	0.903	0.803	0.809	0.81	0.938	0.903	0.953	0.294	0.706	0.634	0.842	0.705	0.932	0.593	0.623	0.625	0.975	0.28	0.31	0.941	0.909	0.918	0.667	0.627	0.719	0.771	0.59	0.553	0.972	0.881	0.98	0.944	0.854	0.654	0.917	0.587	0.576	0.607	1	0.704	0.267	0.879	0.958	0.452	0.279	0.927	0.941	0.278	0.767	0.375	0.96	0.549	0.975	0.933	0.933	0.875	0.744	0.522	0.825	0.453	0.959	0.909	0.86	1	0.483	0.571	0.547	0.294	0.655	0.824	0.857	0.652	0.784	0.851	0.609	0.935	0.732	0.0833	0.923	0.875	0.73	1	0.964	0.789	0.962	0.979	0.9	1	0.86	0.5	0.947	1	0.889	0.912	0.537	0.767	0.5	0.925	0.943	0.676	0.314	0.667	0.658	0.419	0.455	0.429	0.969	0.111	0.841	0.912	0.558	0.805	0.967	0.93	0.282	1	0.513	0.857	0.92	0.673	0.0741	0.878	0.887	0.733	0.491	0.541	0.0208	0.911	1	0.974	0.975	0.8	0.933	0.0588	0.955	0.132	0.889	0.964	0.971	0.318	0.25	0.889	0.941	0.854	0.5	1	0.567	1	0.308	0.882	0.735	0.891	0.569	0.828	0.383	0.944	0.8	0.25	0.633	0.585	0.879	0.897	0.879	0.448	0.776	0.941	0.759	0.786	0.357	0.537	0.782	0.891	0.921	0.767	0.3	0.872	0.0566	0.185	0.116	0.0909	0.0741	0.698	0.833	0.56	0.0645	0.792	0.05	0.273	0.957	0.152	0.615	0.027	0.467	0.4	0	0.0222	0.114	0.106	0.0256	0.474	0.844	0.952	0.5	0.571	0.52	0.457	0.3	0.087	0.345	0.0638	0.276	0.805	0.46	0.282	0.13	0.0192	0	0	0.932	0.226	0.0185	0.4	0.333	0.0435	0.367	0.932	0.612	0.0294	0.512	0.0312	0.318	0.176	0.538	0	0.0263	0.093	0.477	0.875	0.765	0.4	0.589	0.638	0.521	0.167	0.474	0.587	0.556	0.375	0.519	0.172	0.517	0.0857	0.138	0	0.286	0.0333	0	0.224	0.069	0.134	0.121	0.0339	0	0.0408	0.5	0.147	0.0645	0	0.0323	0.119	0.0417	0.025	0.0566	0.0169	0.167	0	0.17	0.0909	0.114	0.121	0	0.0526	0.0625	0.378	0.25	0.133	0	0.12	0	0.174	0.0169	0.143	0.189	0.0625	0.706	0.0217	0.667	0.4	0.0377	0.58	0.0741	0.121	0.125	0.243	0.0482	0.0286	0	0.0638	0.0455	0.812	0.0816	0.273	0.324	0.5	0.481	0.192	0.0909	0.25	0.382	0.013	0.133	0.0667	0.125	0.0172	0	0.0426	0.167	0.625	0.56	0.278	0.08	0.0278	0.0761	0.0488	0.667	1	0.135	0.444	0.185	0.125	0.545	0.51	0	1	0.653	0.39	0.583	0.627	0.409	0.806	0.0625	0.5	0.528	0.279	0.35	0.167	0.617	0.809	0.978	0.286	0.154	0.219	0.0179
chr9	98256576	98256578	0.915	0.516	0.88	0.864	0.929	0.66	0.842	1	1	0.931	0.957	0.963	1	0.5	0.625	1	0.97	0.895	0.95	0.931	0.9	0.875	0.978	0.941	0.929	1	0.0391	0.868	0.889	1	0.261	1	0.72	0.545	0.613	0.906	0.95	0.921	0.75	0.909	0.75	0.4	0.871	1	0.938	0.903	0.935	0.96	0.839	0.941	0.696	0.913	0.514	0.87	1	0.432	1	0.936	1	0.778	0.843	1	1	1	0.762	1	0.939	0.95	1	1	0.935	1	0.875	0.936	1	0.96	0.594	0.591	0.686	0.769	0.773	1	0.791	0.944	0.615	1	0.947	0.821	1	1	0.519	0.918	0.934	1	0.919	0.5	0.895	0.911	0.893	0.25	0.951	0.92	0.931	1	0.944	0.244	0.484	0.917	0.75	0.8	0.935	0.727	1	0.0556	0.731	0.976	1	0.744	0.875	1	0.8	1	0.941	1	1	0.667	0.846	0.947	0.857	0.939	1	0.917	0.577	0.5	1	0.92	0.944	0.955	0.909	0.976	1	0.667	1	1	1	0.853	0.968	0.982	1	0.978	0.625	1	0.962	1	0.433	1	0.962	0.35	0.564	0.963	0.8	1	0.976	1	1	0.955	1	0.923	1	0.721	1	0.423	1	0.974	0.939	0.925	0.972	0.733	1	0.857	0.333	0.839	1	1	0.94	0.917	1	0.929	0.45	0.846	0.875	0.833	0.526	0.972	0.941	0.864	0.85	0.795	1	0.75	0.966	0.534	0.704	0.25	0.857	0.45	0.963	0.912	0.909	1	0.912	1	0.875	0.947	0.475	0.839	1	1	0.875	0.0571	0.613	1	0.636	0.714	0.7	0.933	0.385	0.32	1	0.556	0.923	0.621	0.378	0.762	0.974	0.429	0.976	0.0161	1	0.974	0.469	1	1	1	0.31	0.986	0.903	0.923	0.964	0.667	0.962	0.5	1	0.906	0.97	0.8	1	0.25	0.298	0.667	0.621	0.714	0.931	0.182	0.864	0.421	0.95	0.182	0.778	0.133	0.7	0.274	0.917	1	1	0.667	0.964	1	0	0.519	0.347	0.114	0.115	0.0833	0.433	0.287	0.0247	0.0476	0.087	0	0	0.654	0.174	0.412	0.28	0	0.0476	0.72	0.025	0.808	0.0889	0.282	0.56	0.479	0	0.471	0.481	0.263	0.2	0.636	0.889	0.435	0.113	0.5	0.52	0.5	0.119	0.092	0.308	0.107	0.694	0.75	0.175	0.969	0.577	0.0625	0.216	0.0385	0.593	0.136	0.13	0.125	0	0.214	0.0476	0.0602	0.242	0.688	0.292	0.667	0.565	0.14	0.41	0.477	0.488	0.371	0.0769	0.172	0.0423	0.143	0.889	0.971	0	0.12	0.125	0.136	0.1	0.0575	0.0455	0.9	0.0816	0.844	0	0.381	0.538	1	0.875	0	0	0.977	0.905	0.105	0.941	0.438	0.125	0.0303	0.0789	0.0145	0.0909	0.381	0.545	0.661	0.683	1	0.5	0.143	0.625	0.5
chr10	105658172	105658174	0.581	1	0.963	0.591	1	1	0.955	0.962	0.895	0.87	0.933	0.96	0.875	0.56	0.565	0.654	1	0.974	0.929	1	0.962	1	0.951	1	0.762	1	0.896	0.725	0.742	0.944	0.974	0.969	1	0.604	1	0.5	0.928	0.981	0.933	0.973	1	0.395	0.964	0.931	1	0.469	0.271	0.588	1	0.909	1	0.929	1	0.944	0.927	0.511	1	0.419	0.971	0.692	0.949	0.219	1	1	0.08	1	1	0.957	1	1	0.957	0.955	0.676	0.987	0.929	0.929	0.762	0.868	0.5	1	1	0	0.933	0.938	0.939	0.462	0.974	1	0.632	1	1	0.976	0.982	0.944	0.316	0.938	1	0.936	0.893	0.667	0.973	0.891	0.974	1	0.963	1	1	0.952	0.906	0.947	0.0444	0.944	0.957	1	0.833	1	1	0.552	0.889	0.926	1	0.929	0.1	0.963	0.957	1	0.938	1	0.556	1	1	0.261	0.938	0.391	0.857	0.73	0.571	0.98	0.955	0.61	0.96	0.968	0.567	0.438	0.607	0.355	0.913	0.933	0.962	1	0.76	1	0.964	0.712	1	0.381	0.862	1	1	0.312	0.947	0.889	0.965	0.824	1	0.889	0.75	0.485	0.967	1	1	0.0857	0.773	0.829	0.84	0.368	1	1	1	0.529	0.96	0.75	0.846	0.973	0.19	0.696	1	0.783	0.792	0.846	0.947	0.929	0.92	0.0606	0.727	1	0.92	0.959	0.472	0.75	0.13	0.986	0.909	0	0.348	0.548	0.28	0.107	0.164	0.0444	0.0714	0.919	0	0.312	0.0857	0.895	0	0.0385	0.0588	0.723	0.138	0.0303	0.0833	0.103	0.5	0	0.583	0.231	0.422	0.444	0.522	0.524	0.0769	0.297	0.0233	0.05	0.194	0.472	0.474	0.523	0.188	0.0526	0.146	0.567	0	0.565	0.2	0.405	0.862	0.355	0.0408	0.565	0.103	0.391	0	0.381	0.08	0	0.0811	0.6	0.208	0.467	0.6	0.0455	0.353	0	0.938	0.082	0.44	0.132	0.688	0.0725	0.636	0.421	0	0	0.341	0.467	0.422	0.25	0.17	0.0976	0.265	0.0417	0.611	0.102	0.0526	0.379	0.622	0.0435	0.0465	0.176	0.105	0	0.0577	0.429	0.05	0.615	0.721	0.0435	0.0784	0.167	0.437	0.366	0.25	0.583	0.522	0.25	0.125	0.36	0.412	0.571	0.511	0.312	0.2	0	0.162	0.308	0	0.219	0.156	0.286	0.472	0.105	0.167	0.125	0.317	0.0303	0.583	0	0.492	0.0208	0	0.0952	0.037	0.1	0.421	0.188	0.27	0.143	0.688	0.0294	0	0	0.0396	0.105	0.778	0.192	0.267	0.0319	0	0.929	0	0	0.239	0.0952	0.149	0.061	0.25	0.312	0.229	0.0882	0.2	0	0.248	0.333	0.0364	0	0.2	0	0.149	0	0.186	0.158	0.0952	0.037	0.087	0.0208	0.344	0.114	0.222	0.027	1	0	0.231	0.316	0.167	0.167
chr10	6246375	6246377	0.565	0.714	0.895	0.574	0.9	0.222	0.303	0.978	0.978	0.821	0.915	0.381	0.511	0.282	0.864	0.667	0.911	0.371	0.677	0.65	1	0.0714	0.795	0.6	0.829	0.635	0.935	0.0864	0.744	0.0541	0.938	0.389	0.846	0.5	0.923	0.562	0.887	0.878	0.882	0.0847	0.919	0.588	1	0.574	0.903	0.391	0.81	0.966	0.243	0.293	0.721	0.792	0.872	0.839	1	0.395	0.919	0.429	0.408	0.488	0.8	0.72	0.382	0.488	0.706	0.667	0.824	0.447	0.675	1	0.893	0.333	0.967	0.793	0.615	0.933	0.96	0.861	0.333	0.854	0.821	0.818	0.426	0.309	0.075	1	0.614	0.211	0.875	0.34	0.8	0.477	0.957	0.935	0.482	0.714	0.792	0.984	0.253	0.435	0.981	0.344	0.471	0.692	0.951	1	0.139	0.4	0.526	0.811	0.5	0.931	0.966	0.612	0.657	1	0.88	0.635	0.848	0.875	0.167	0.977	0.867	0.667	0.87	0.167	0.745	0.707	0.926	1	0.909	1	0.651	0.961	0.8	0.839	0.727	0.582	0.906	0.804	0.719	0.525	0.769	0.812	0.943	0.0417	0.605	0.833	0.735	0.0417	0.705	0.694	0.375	0.972	0.969	0.545	0.811	0.231	0.878	0.279	0.824	0.714	0.152	0.486	0.81	0.826	0.194	0.451	0.885	0.733	0.867	0.895	0.81	0.275	0.619	0.868	0.775	0.8	0.84	0.372	0.958	0.15	0.529	0.493	0.882	1	0.483	0.522	0.514	0.822	0.677	0.5	0.595	0.871	0.308	0.512	0.68	0.556	0.63	0.333	0.652	0.301	0.0339	0.279	0	0.0606	0.151	0.0909	0.578	0.938	0.576	1	0.895	0.233	0.0577	0.488	0.471	0.944	0	0.964	0.0385	0.0909	0.83	0.491	0.516	0.607	0.811	0.568	0.793	0.525	0.0984	0.404	0.674	0.345	0.585	0.129	0.789	0.0952	0.219	0.43	0.05	0.486	0.266	0.731	0.327	0.0145	0.474	0.469	0.188	0.381	0.333	0.337	0.429	0.484	0.0465	1	0.312	0.647	0.333	0.0678	0.444	0.55	0.81	0.294	0.0893	0	0.889	0.0204	0.926	0.646	0.615	0.0833	0.652	1	0	0.0444	0.692	0.478	0.0877	0.146	0.312	0	0.0714	0.167	0.0556	0.026	0.112	0	0.0426	0	0	0.397	0.0727	0.171	0.0377	0.0588	0.133	0.0263	0.0317	0.182	0.0361	0.101	0.14	0.419	0.0263	0.0278	0.0465	0.471	0.0976	0.429	0.075	0.026	0.0238	0.05	0.0976	0.0303	0.0882	0.0175	0.0345	0.333	0.111	0.152	0	0.0161	0.148	0.192	0.114	0.0469	0.714	0.383	0.0194	0.143	0.816	0.429	0	0.0164	0.304	0.172	0.149	0.0147	0	0.0741	0.111	0.0541	0.0533	0.0667	0.0357	0	0.0175	0.0321	0.0317	0.236	0.667	0.471	0.1	0.0577	0.0952	0.0122	0.0426	0.116	0.262	0.0351	0.583	0.574	0.149	0	0.529	0.0345	0.385	0.568	0.297	0.545	0.468	0	0.351	0.0606	0.0725	0.243	0.224	0.833	0.0909	0.178	0.567	0	0.176	0.0625	0.667	0.0577
chr12	117894690	117894692	0.306	0.903	0.977	0.55	0.975	1	0.667	0.395	0.885	0.947	0.939	0.932	0.973	0.353	0.588	0.87	0.957	0.917	0.442	0.923	1	0.312	0.429	1	0.952	0.905	0.958	0.846	0.933	0.963	0.911	1	0.833	0.0606	0.962	0.902	0.911	0.924	0.882	0.803	0.792	0.542	0.958	0.963	1	0.923	0.897	0.909	0.522	0.667	0.936	0.968	0.405	0.893	0.976	0.889	0.828	0.5	0.868	0.923	0.425	0.827	0.727	0.935	0.783	0.889	0.467	0.969	0.795	0.75	0.931	0.45	0.913	0.938	1	0.385	0.848	0.98	0.917	0.967	0.947	0.957	1	0.931	0.463	0.952	0.9	0.404	0.971	0.682	1	1	0.891	0.812	0.727	0.957	0.941	0.964	0.989	0.333	0.936	0.866	0.95	1	0.571	0.64	0.536	0.955	1	0.971	0.981	0.333	0.962	0.538	1	0.933	0.857	0.951	0.947	1	0.405	0.951	0.929	0.6	0.941	0.452	0.829	0.954	0.967	0.973	0.81	0.7	0.75	0.746	1	0.892	0.757	0.978	0.945	0.688	0.92	0.927	1	0.739	0.952	0.483	0.634	0.973	0.86	0.604	0.794	0.98	1	0.957	1	0.125	0.968	0.905	0.529	1	0.667	0.917	0.812	0.88	0.929	0.844	1	0.312	0.899	0.333	0.652	0.933	1	0.932	0.941	0.923	0.894	0.804	0.5	0.36	0.959	0.524	0.879	0.605	0.463	0.857	0.385	0.846	0.31	0.606	0.655	0.333	0.607	0.97	0.423	0.723	0.688	0.424	0.512	0.667	0.133	0.857	0.548	0.0385	0.294	0.0755	0.391	0.185	0.241	0.0417	0.865	0.375	0.947	0.583	0.419	0.793	0.586	0.833	0	0.519	0.027	0.326	0.458	0.366	0	0.308	0.545	0.929	0.542	0.75	0.857	0.586	0	0.393	0.972	0.947	0.267	0.0541	0.783	0.876	0.0455	0.276	0.05	0.509	0.542	0.25	0.714	0.394	0.37	0.696	0.493	0.55	0.605	0.909	0.952	0.5	0.143	0.263	0.767	0.538	0.184	0.317	1	0.577	0.192	0.542	0.897	0.0286	0.353	0.0745	0.533	0.331	0.333	1	0.237	0.194	0.574	0.444	0.31	0.938	0.0753	0.183	0.936	0.0882	0.636	0.562	0.284	0.212	0.333	0.0189	0	0.0345	0	0.0303	0.1	0.0455	0.298	0.486	0.343	0.0541	0.111	0.195	0.262	0.152	0	0	0.0769	0.632	0.0682	0.286	0	0.625	0.0265	0.0455	0.0455	0.447	0.0435	0.0581	0.125	0.433	0.0851	0.182	0.389	0.756	0.472	0.0526	0.3	0.524	0.128	0.256	0.0111	0.025	0	0.286	0.81	0.0667	0.9	0.364	0.453	0.0714	0.114	0.069	0.588	0.0674	0.32	0.385	0	0.327	0.151	0.053	0.0233	0.316	0.357	0.958	0	0	0.451	0.0609	0.114	0.188	0.0641	0.594	0.333	0.486	0.768	0.367	0.444	0.444	1	0.468	0.025	0.0526	0.467	0.448	0.419	0.516	0.48	0.354	0.537	0.895	0.0526	0.418	0.565	0	0.275	0.6	0.618	0.658
chr15	70491520	70491522	0.72	0.939	0.949	0.958	1	1	0.96	1	0.87	0.96	0.946	0.955	0.531	0.629	0.964	1	0.935	1	1	0.896	0.902	0.767	1	1	0.833	0.935	0.965	0.814	0.929	0.929	0.935	0.941	1	0.952	0.958	0.947	0.919	0.927	0.867	1	1	0.9	0.857	0.875	1	0.878	1	1	0.911	1	0.952	0.926	0.586	0.935	0.966	0.875	0.864	0.963	0.81	1	1	0.423	0.857	0.5	0.956	1	0.895	0.889	0.955	0.812	1	0.75	0.923	0.979	0.714	1	0.913	1	0.833	1	1	0.952	0.96	0.914	0.977	0.917	0.938	0.609	1	0.879	1	0.936	0.982	0.867	0.676	0.923	1	0.941	0.951	0.625	0.961	0.922	0.914	1	0.893	0.914	1	1	1	0.923	0.967	0.625	0.963	1	0.81	1	0.875	0.962	1	0.971	0.619	1	0.412	0.958	0.958	0.824	0.821	0.976	0.929	1	1	0.96	1	0.933	0.952	1	0.704	0.923	0.93	0.912	0.929	1	0.966	0.944	0.861	1	1	0.967	0.983	0.931	0.727	0.956	1	0.9	1	0.92	0.944	0.917	0.926	1	0.8	0.75	0.981	1	1	0.842	0.971	1	0.943	1	1	0.897	1	0.973	0.766	0.917	0.963	1	1	0.909	0.905	0.538	1	0.927	0.368	0.917	1	1	0.943	1	1	0.938	0.895	0.898	0.941	0.956	0.938	0.981	0.833	0.778	0.633	0.437	0.955	0.6	0.438	0.0227	0.25	0.914	0.0256	0.39	0.0213	0.0606	0.439	0	0.182	0.7	1	0.442	0.143	0.61	0.0571	0.0698	0.576	0.275	0.933	0.15	0.167	0.778	0.115	0.533	0.0444	0.964	0.188	0.167	0.977	0.476	0.0882	0.538	0.857	0.119	0.02	0.5	0.487	0.893	0.673	0.567	0.786	0.459	1	0.972	0.0556	0.644	0.556	0.906	0.58	0.6	0	0.875	0.0286	1	0.19	0.694	0.933	0.0645	0.333	1	0.478	0	0.5	0.164	0.861	0.0761	0.967	0.652	0.182	0.107	0.0758	0.537	0.0526	0.0333	0.172	0.114	0.609	0	0.0098	0.396	0	0.435	0.786	0.5	0	0.579	0.157	0.105	0.0238	0.444	0.0217	0.158	0.153	0.143	0.0769	0.2	0.0482	0.155	0	0.474	0	0	0.195	0.615	0	1	0.325	0	0.485	0	0.2	0.1	0.0714	0.242	0.0857	0.444	0.294	0.472	0.25	0.6	0.0227	0.448	0.0455	0.075	0.958	0.0556	0.65	0.3	0	0.0805	0.195	0.143	0.208	0.923	0.58	0.0968	0.0645	0.0312	0.0682	0.944	0	0.449	0	0.0171	0.0577	0.593	0.118	0.0526	0.609	0	0.525	0.0565	0.13	1	0.254	1	0	0.824	0.0132	0.939	0.0625	0.136	0.846	0.0513	0	0.1	0.339	0.136	0	0.108	0.48	0.061	1	0.968	0.643	0.476	0.802	0.943	1	0.226	0.923	0.027
chr15	79033170	79033172	0.951	0.703	0.925	0.0976	0.865	0.833	0.824	0.925	0.951	0.917	0.566	0.8	0.891	0.423	0.947	0.167	0.962	0.439	0.917	1	1	0.605	0.893	1	0.839	0.652	0.886	0.588	0.541	0.826	0.903	0.905	0.75	0.857	0.459	0.875	0.778	0.525	0.781	0.646	0.714	0.9	0.889	0.907	0.893	0.556	0.622	0.5	0.543	0.731	0.905	0.625	0.87	0.853	1	0.935	1	0.434	0.968	0.7	0.182	0.344	0.722	0.917	0.762	0.87	0.84	0.944	0.87	0.455	0.686	0.789	0.929	0.738	0.95	0.909	0.881	0.918	0.64	0.5	1	0.912	0.763	0.767	0.851	0.588	0.816	0.925	0.872	0.872	0.533	0.935	0.385	0.238	0.475	0.933	0.921	0.864	0.5	0.813	0.8	0.9	0.953	0.484	0.469	0.273	0.929	0.73	0.698	0.935	0.977	0.667	0.462	0.889	0.875	0.704	0.963	1	0.822	0.828	0.64	0.783	0.614	0.714	0.703	0.153	0.394	0.977	0.947	0.85	0.818	0.5	0.846	0.951	0.658	0.444	0.846	0.947	0.932	0.774	0.319	0.509	0.275	1	0.9	0.903	0.674	0.855	0.904	1	0.742	0.952	0.833	0.81	0.98	0.0952	0.931	0.621	0.871	0.444	0.871	0.875	0.5	0.87	1	0.895	0.897	0.9	0.897	0.667	0.5	0.806	0.727	0.762	0.844	0.372	0.72	0.957	0.714	0.476	1	0.784	0.419	0.745	0.962	0.457	0.885	0.818	0.436	0.581	0.939	0.842	1	0.231	0.391	0.97	0.92	0.379	0.0714	0.684	0.957	0.438	0.178	0.0333	0	0.0645	0.556	0.417	0.0175	0.351	0.087	0	0.676	0.194	0.0909	0.655	0.656	0.605	0.611	0.417	0.516	0.544	0.78	0.128	0.222	0.867	0.5	0	0.857	0.692	0	0.85	0.703	0.119	0.568	0.659	0.226	0	0.444	0.276	0.37	0.536	0.037	0.156	0.606	0.788	0.525	0.512	0.909	0.6	0	0.247	0.0192	0.929	0.111	0.783	0.625	0.125	0.0882	0.355	0.341	0.455	0.447	0.176	0.282	0.595	0.286	0.192	0.438	0.25	0.703	0.167	0.98	0.524	0.0667	0.0588	0.833	0.435	0.06	0.184	0	0.191	0.422	0.0526	0.186	0.154	0.0972	0.0625	0.027	0.407	0.0357	0.167	0.167	0.037	0.0625	0.0312	0.179	0.0938	0.0645	0.32	0.0208	0.121	0.353	0.25	0.815	0.0385	0.0857	0.273	0.291	0.222	0.103	0.05	0.0976	0	0.1	0.02	0	0	0.0714	0.824	0.222	0.0312	0.375	0.0732	0.1	0.37	0.0476	0	0	0.0333	0	0.206	0.172	0.385	0	0.235	0.571	0.235	0.167	0.0192	0	0.0833	0.211	0	0.0465	0.0667	0.15	0.1	0.18	0.0592	0.195	0.148	0.1	0.727	0.146	0.109	0.244	0.0185	0.069	0.0833	0.379	0.174	0.167	0.093	0.281	0	0.765	0	0	0.0233	0.0299	0.118	0.255	0.519	0.05	0.207	0.122	0	0.25	0.455	0.474	0.0577	0.688	0	0.174	0.409	0.0385	0.341
chr16	85289721	85289723	0.656	0.286	0.947	0.8	0.852	0.947	0.973	0.917	0.846	0.857	0.73	0.833	0.941	0.444	0.941	0.929	0.5	0.816	0.821	0.464	0.6	0.917	0.919	1	0.962	0.779	0.865	0.886	0.868	0.733	0.96	0.872	1	0.478	0.844	0.895	0.686	0.576	0.833	0.854	0.778	1	0.722	0.963	0.955	0.75	0.861	0.727	0.721	0.773	0.958	0.969	0.947	0.722	0.875	0.371	0.96	0.868	1	0.88	0.86	0.321	1	0.886	1	0.875	0.96	0.914	0.619	0.839	0.912	0.862	0.69	0.774	1	0.727	0.724	0.842	0.571	0.95	0.966	0.761	0.938	0.945	0.923	0.947	0.755	0.84	0.714	0.267	0.591	0.933	0.885	0.926	0.5	1	1	0.88	0.959	0.529	0.887	0.879	0.529	0.543	0.617	0.667	0.976	0.833	0.762	0.708	0.957	0.929	0.889	0.8	0.882	0.909	1	0.911	0.949	0.818	0.864	0.892	0.469	0.906	0.946	0.889	0.579	0.944	1	0.971	0.846	1	0.821	0.889	0.864	0.886	0.727	0.902	0.512	0.872	0.821	0.848	0.613	0.875	0.962	0.85	0.826	0.955	0.859	0.424	0.684	1	0.833	0.923	0.868	0.958	0.84	0.938	0.932	0.333	0.667	0.789	0.844	1	1	0.744	1	0.893	0.774	0.688	0.833	0.593	1	0.968	0.75	0.769	0.969	0.944	0.737	0.862	0.897	0.767	0.963	0.317	0.474	1	1	0.792	0.517	0.946	0.885	0.882	0.857	0.591	0.75	0.893	0.895	0.573	0.0606	0.727	0.4	0.833	0.512	0.293	0.04	0.158	0.719	0.292	0.757	1	0.275	0.375	0.179	0.0303	0.905	0.762	0.828	1	0.857	0.184	0.893	0.0392	0.854	0.629	0.562	1	0.417	0.767	0.442	0.889	0	0.245	0.787	0.22	0.519	0.484	0.579	0.371	0.778	0.847	0.0536	0.769	0.312	0.912	0.0698	0.495	0.4	0.0571	0.269	0.543	0.933	0.432	0.981	0.462	0.584	0.533	0.739	0.909	0.333	0.3	0.545	0.872	0.613	0.0303	0.0333	0.915	0.97	0.0577	0.571	0.0154	0.683	0.0635	0.696	1	0	0.138	0.148	0.4	0.0204	0.909	0.234	0.143	0.0357	0	0.0775	0.463	0.0833	0.829	0.2	0	0.0238	0.0784	0.444	0.483	0.0185	0.667	0.895	0.778	0.0978	0.263	0.0185	0.231	0.516	0.0921	0	0.417	0.161	0	0.0545	0.205	0	0	0.619	0.417	0.0588	0	0.231	0.431	0.786	0	0.111	0.25	0.244	0.0952	0.5	0	0.0536	0.955	0	0.0455	0	0.184	0.04	0.562	0	0.0909	0.152	0.222	0.537	0.0909	0.194	0.0263	0.235	0.407	0.912	0.579	0.0588	0.514	0	0.97	0.873	0.447	0.0435	0.069	0.186	0.559	0.162	0.0099	0.0741	0.381	0	0.614	0.4	0.387	0.595	0.316	0.0746	0.333	0	0.727	0	0.5	0.366	0.143	0.535	0.105	0.122	0	0.576	0.0323	0.667	0.486	0.685	0.474	0.162	0.0714	0.172	0.0952
chr16	88837321	88837323	0.455	0.435	0.136	0.105	0.0323	0	0.192	0	0	0.273	0.0588	0	0.389	0.238	0	0.111	0.0667	0	0	0	0	0.087	0	0	0.0556	0.033	0.0128	0.0606	0.0385	0.0526	0.548	0.364	0	0.0323	0	0	0.104	0.36	0.0714	0.0857	0.125	0	0	0	0.0476	0.276	0.087	0.103	0.135	0.2	0.111	0.0455	0.0682	0.471	0	0.1	0	0.0625	0	0.353	0.0714	0	0.0588	0	0	0.333	0	0.471	0	0.0476	0.0714	0	0.25	0.0769	0.297	0	0.162	0.0333	0.0588	0.273	0	0.027	0.0541	0.0333	0.0488	0	0.0222	0	0.0357	0.0303	0	0.0152	0	0.0588	0.118	0.0667	0.0357	0.093	0	0	0	0.0185	0.04	0.36	0.106	0	0.0345	0.133	0.0476	0	0	0	0	0.704	0.571	0.0625	0	0.0526	0.0833	0	0.174	0.0217	0	0	0.533	0.0667	0.16	0.0341	0.321	0	0.0625	0	0.0333	0	0.115	0.0833	0.0476	0	0	0	0	0.0303	0	0.0526	0	0.0417	0.0645	0	0	0	0.167	0	0.0323	0.109	0.0233	0.45	0.76	0	0	0	0.125	0.143	0	0	0	0.125	0.148	0	0	0	0	0.35	0	0.0536	0.0455	0	0.138	0	0.0667	0.207	0.1	0.0811	0.0455	0.907	0	0	0.0682	0.1	0.6	0.111	0	0.0667	0.211	0	0	0.115	0.0556	0.312	0	0.15	0.118	0.0169	0.0455	0	0.0909	0	0.153	0.0345	0.132	0.0714	0.312	0.571	0	0.444	0.476	0.323	0	0	0	0.148	0.0435	0.905	0.0238	0.0645	0	0.0435	0	0	0	0.217	0	0	0	0.207	0	0.0833	0.0682	0.0769	0	0	0.436	0	0	0.0476	0.069	0	0.2	0.0556	0	0.107	0.04	0.0303	0	0	0.0235	0	0.0909	0	0	0.0294	0.158	0.125	0.167	0.0294	0.583	0.0755	0	0.129	0.308	0.261	0.34	0.0612	0.0909	0	0	0.0769	0.0938	0.0612	0	0.364	0.118	0.925	0.543	1	0.792	0.538	0.857	0.286	0.923	0.441	0.5	0.529	0.407	0.0294	0.483	0.938	0.577	0.792	1	0.167	0.852	0.406	0.786	0.455	0.111	1	0.941	0.923	0.643	0.647	1	0.786	0.916	1	0.909	0.865	0.875	1	0.0769	0.333	0.542	0.92	0.667	0.667	0.68	0.455	0.919	0.667	0.45	0.682	0.952	0.897	0.824	0.769	0.375	0.764	0.81	0.538	0.742	0.84	0.889	0.867	0.684	0.592	0.875	0.643	0.312	0.63	1	0.425	0.75	0.778	0.6	0.867	0.815	0.955	0.844	0.653	0.824	0.4	0.125	0.279	0	0.222	0.456	0	0	0	0	0.0179	0.0164	0.333	0.296	0	0.0526	0.05	0	0.647	0.517	0.789	0.2	0.0526	0.414	0.128	0	0.286	0	0.321
chr17	40267535	40267537	0.917	0.0185	0.721	0.63	0.861	1	0.6	0.839	0.833	0.634	0.818	0.255	0.389	0.133	0.794	0.6	0.825	0.929	0.439	0.125	0.5	0.5	0.735	0.938	0.943	1	0.886	0.894	0.828	0.645	0.226	0.968	1	0.952	0.786	0.814	0.788	0.936	0.824	0.36	0.438	0.697	0.235	0.645	0.921	0.795	0.464	0.875	0.487	0.842	0.895	0.487	0.957	0.829	0.957	0.442	0.818	0.857	0.857	0.425	0.548	0.645	0.684	0.556	0.786	1	0.814	0.457	0.425	0	0.966	0.464	0.812	0.48	0.64	0.417	0.863	0.868	0.447	0.935	0.97	0.902	0.872	0.905	0.919	0.97	0.769	0.867	0.767	0.659	0.815	0.642	0.867	0.625	0.85	0.857	0.382	0.955	0.0526	0.545	0.464	0.615	0.639	1	0.575	0.88	0.793	1	0.8	0.667	0.921	0.88	1	0.83	0.828	0.6	0.838	0.786	0.879	0.586	0.36	1	0.514	0.405	0.419	0.571	0.795	0.897	0.64	0.971	0.776	1	0.683	0.523	0.75	0.618	0.0938	0.921	0.974	0.367	0.404	0.875	0.824	0.8	0.985	0	0.791	1	0.478	0.533	0.681	0.881	0.86	0.952	0.966	0.704	0.886	0.462	0.756	0.938	0.913	0.818	1	0.913	0.857	0.362	0.38	0.6	0.509	0.4	0.944	0.81	1	1	0.974	0.51	0.881	0.917	0.975	0.7	0.72	0.38	0.308	0.288	0.28	0.796	1	0.839	0.542	0.972	0.933	0.75	0.912	1	0.861	0.886	0.909	0.451	0.571	0.722	0.359	0.413	0.111	0.075	0.0323	0	0.486	0.5	0.215	0.462	0.192	0.286	0.659	0.0476	0.0769	0.529	0.027	0.0204	0	0.233	0.0889	0.545	0.103	0.25	0.474	0.0164	0.179	0.147	0.108	0.267	0.0484	0.558	0.0938	0.312	0.216	0.333	0.14	0.176	0.541	0.414	0.143	0.562	0.333	0.1	0.0943	0.0405	0.478	0.125	0.378	0.824	0.333	0.244	0.171	0.836	0.174	0.457	0.579	0	0	0.333	0.0811	0.511	0.537	0.0435	0.24	0	0.375	0.0652	0.636	0.114	0.817	0.176	0.952	0.231	0	0.286	0.194	0.318	0.0769	0.194	0.266	0.0635	0.367	0	0.0667	0.175	0.0893	0	0.378	0.0476	0.0408	0.149	0.4	0.0769	0.114	0.143	0.0811	0.0345	0.0465	0.462	0.5	0.281	0.0952	0.133	0.12	0.259	0.143	0.217	0.0816	0.325	0.108	0.0862	0.562	0.222	0.103	0.0377	0	0.0566	0	0.133	0.131	0.0909	0.343	0.08	0.255	0.405	0.167	0.154	0.0345	0	0.0441	0	0	0.353	0.5	0.146	0.367	0.163	0.226	0.226	0.154	0.286	0.258	0	0.0132	0.0667	0.167	0.214	0	0.036	0.0536	0.212	0.118	0	0.0435	0.138	0.125	0.0615	0.027	0.108	0	0.463	0	0.465	0.202	0.462	0.235	0.235	0.182	0.0725	0.0161	0.0714	0.2	0.826	0.161	0.857	0.811	0.174	0.769	0.327	0.0769	1	0.783	0.962	0.108	0.167	0.0385	0.163
chr17	76354543	76354545	0.723	0.857	1	0.857	1	1	0.821	0.84	1	0.975	0.929	1	0.933	0.294	0.966	0.824	0.926	0.941	0.85	1	1	0.946	0.867	1	0.905	0.982	0.97	0.871	0.9	1	0.943	0.962	1	1	0.7	0.971	0.991	0.943	0.909	0.966	1	0.667	1	0.857	0.706	0.957	0.879	0.897	0.8	0.9	0.963	0.864	0.979	0.923	0.967	0.571	0.971	0.974	1	0.95	0.815	0.519	0.842	1	1	1	1	1	1	1	0.929	0.947	0.824	1	0.95	0.929	0.948	0.958	0.96	0.852	1	1	0.963	0.841	1	1	1	1	1	0.96	0.938	0.914	0.913	0.933	0.821	0.947	1	0.914	0.988	0.577	0.988	0.868	0.92	0.538	0.914	0.889	0.962	1	0.944	0.957	0.971	0.889	0.947	1	0.842	1	0.947	0.923	0.848	0.92	0.828	0.966	0.938	0.96	0.926	1	0.69	0.984	1	1	0.962	0.778	0.842	0.909	1	0.885	0.941	1	0.926	0.8	1	0.889	0.565	1	0.957	0.923	0.974	0.965	0.958	1	0.828	0.903	0.812	1	0.975	0.2	0.933	0.944	1	1	0.976	0.619	0.917	0.964	0.8	0.929	1	0.952	1	1	1	0.882	0.778	0.939	0.964	1	1	0.8	0.8	0.963	1	0.8	0.955	0.949	0.875	0.909	0.98	0.9	0.703	0.868	0.95	0.852	0.952	0.968	1	0.975	0.9	0.875	0.939	0.75	1	0.944	0.88	0.118	0.526	0.333	0.571	0.929	0.26	0.433	0.371	0.6	0.52	0.842	0.4	0.727	0.917	1	1	0.609	0.0588	0.462	0.444	0.474	0.28	0.423	0.607	0.909	0.88	0.708	0.441	0.925	0.171	0.4	0.972	0.885	1	0.525	0.522	0.318	0	0.588	0.667	0.532	0.958	0.51	0.636	0.963	0.227	0.85	0.815	0.902	0.553	0.472	0.982	0.941	0.6	0.375	1	0.967	0.953	0.556	1	0.895	0.826	0.52	0.96	0.87	0.5	1	0.66	0.852	0.65	0.455	0.486	0.368	0.757	1	0.0938	0.226	1	0.688	0.109	0.0556	0.5	0.167	0.0645	0.133	0.0714	0	0.0833	1	0	0.688	0.0303	0.778	0.08	0.0323	0.667	0.25	0.0909	0.925	0.037	1	0	0.647	0	0.75	0.231	0.226	0.0741	0.0784	0.0619	1	0	0.103	0.263	0.344	0	0.812	0.523	0.923	0.341	0.0732	0.31	0.957	1	0.25	0.913	0.121	0	0.826	0.214	0.2	0.583	0.129	0.476	0.7	0.902	0.148	0.0345	0.0857	0.485	1	0	0.0323	0.364	0.163	1	0.295	0.477	0.0952	0.609	1	0.13	0.208	0.087	0	0	0.0513	0.833	0.0667	0.75	0.379	0.136	0	0.833	0	0.214	0.945	0.393	0.636	0.924	0	0.967	0.108	0.919	0.529	0.903	0.92	0.286	0.481	0.724	0.963	0.0714	0.833	0.115	0.333
chr18	74586638	74586640	0.364	0.1	0.323	0.44	0.1	0.385	0.2	0	0.368	0.356	0.0882	0.0323	0.341	0.417	0.265	1	0.234	0.0278	0.333	0.093	0.171	0.222	0.0172	0.143	0.04	0.0593	0.483	0.3	0.0222	0	0.0408	0.1	0.25	0.364	0.143	0.135	0.18	0	0.0455	0	0.611	0.532	0.107	0.0244	0.1	0.0476	0.529	0.0526	0.566	0.591	0.61	0.568	0.522	0.0727	0.0652	0.321	0.0227	0.163	0	0.392	0.26	0.106	0.179	0	0.188	0	0.482	0.0333	0.345	0	0.213	0.143	0.545	0.0973	0.429	0.0417	0.229	0	0.806	0.167	0.133	0.12	0.08	0.0755	0.183	0.25	0.111	0.528	0.217	0.1	0	0.0147	0.348	0.037	0.513	0.429	0.206	0.046	0.396	0.5	0	0.2	0.192	0.323	0.361	0	0.0263	0.167	0.0408	0.0488	0	0.0323	0.462	0.636	0.395	0.0857	0.625	0.069	0.233	0.375	0.433	0.0667	0.0638	0	0.0811	0	0.389	0.0968	0	0.444	0.027	0.19	0.24	0.588	0.346	0.17	0.913	0.0309	0.0847	0.792	0	0.04	0	0.688	0.341	0.923	0.125	0.232	0.06	0.0182	0.182	0.509	0	0.2	0.0444	0.522	0.559	0.0286	0.543	0.0714	0.581	0.375	0.0377	0.184	0.0333	0.111	0.75	0.0667	0	0.25	0.214	0.0238	0	0.122	0.271	0.0976	0.111	0.0233	0.333	0.29	0.0204	0.346	0.0714	0.533	0.273	0.919	0.362	0.75	0.787	0.886	0.931	0.793	0.846	0	0.6	0.959	0.939	0.717	0.633	0.727	0.865	0.477	0.872	0.474	0.1	0.453	0.915	0.027	0.5	0.818	0.174	0.65	0.758	0.474	0.429	0.568	0.7	0.354	0	0.13	0.109	0.433	0.685	0.656	0.789	0.878	0.411	0.389	0.812	0.103	0.145	0.282	0.0455	0.512	0.589	0.833	0.971	0.137	0.939	0.441	0.119	0.577	0.04	0.688	0.657	0.235	0.393	0.487	0.0667	0.417	0.436	0.806	0.438	0.5	0.877	0.474	0.76	0.857	0.714	0.5	0.873	0.855	0.333	0.29	0.881	0.217	0.412	0.415	0.538	0.842	0.815	0.135	0.85	0	0.325	0.414	0.831	0.938	0.204	0.812	0.938	1	0.912	0.655	0.935	0.757	0.762	1	0.935	0.474	0.667	0.774	0.674	0.829	1	0.667	0.871	0.842	0.964	0.087	0.85	0.922	0.662	0.923	0.897	0.792	0.958	0.579	0.941	0.88	0.375	0.977	0.906	1	0.857	0.844	0.889	0.956	0.765	0.788	0.152	0.286	0.794	0.75	0.755	0.87	0.817	0.893	0.394	0.851	0.93	0.551	0.838	0.955	1	0.8	0.848	0.808	0.914	0.969	0.903	0.658	0.682	0.692	0.964	0.771	0.886	0.768	0.697	0.778	0.855	0.66	0.921	1	0.944	0.811	0.825	0.721	0.773	0.733	0.836	0.937	0.571	0.96	0.815	1	0.988	1	1	0.684	0.782	1	0.703	0.867	1	0.958	0.912	0.152	0.889	0.733	0.762	0.754	0.919	1	0.531	0.4	0.929	0.818
chr18	46378120	46378122	0.25	0.0323	0.136	0.176	0	0.29	0.174	0.0263	0.0789	0.513	0.0732	0.12	0	0.238	0.0345	0.625	0.069	0.0333	0.333	0.167	0	0	0.0678	0.286	0.025	0.0156	0.082	0.244	0.037	0	0.0244	0.0333	0	0.02	0.0732	0.119	0.229	0	0.0476	0	0	0.9	0	0.0588	0	0	0.0357	0.0455	0.0435	0.372	0.179	0.0588	0.0702	0.0769	0.0714	0.0909	0	0.133	0.0345	0.222	0.214	0.133	0.148	0.226	0.308	0.667	0	0	0.0263	0	0.0667	0.35	0	0.0185	0	0	0.292	0.0417	0.109	0.235	0.176	0.0278	0.0233	0	0.0345	0.0455	0.979	0	0.0333	0.0357	0	0.0323	0.468	0.0645	0.186	0.107	0.722	0	0.151	0.214	0.0617	0.0741	0.1	0.136	0.0263	0.273	0	0.211	0	0.037	0.902	0.0435	0.0833	0.467	0.111	0.16	0	0	0	0.1	0.0714	0.0333	0.0606	0.0857	0.0833	0.222	0.208	0.0725	0	0.125	0.0435	0.105	0.297	0.0217	0	0	0.087	0.0571	0.0213	0.16	0.0455	0.0385	0	0.278	0	0.027	0.0541	0.0517	0.0909	0	0.294	0	0.0833	0	0	0.656	0.0968	0.143	0	0.156	0.0732	0.154	0	0	0.5	0.0323	0.0385	0.0698	0	0.636	0	0	0	0.161	0.0323	0	0.167	0.364	0	0.0667	0.111	0.25	0.154	0.957	0.143	0	0.667	0.125	0.615	0.471	0	0.308	0.538	0	0.133	0.292	0.256	0.104	0	0.5	0.136	0.345	0.0909	0.286	0.0741	0.125	0.4	0.763	0.139	0	0.0556	0.6	0	0.04	0.423	0.348	0	0	0	0.0833	0	0.087	0	0.216	0.087	0	0	0.161	0.0678	0.111	0.0698	0	0.1	0.0294	0.0625	0.0455	0.0682	0.0435	0	0.0263	0.314	0.32	0.0789	0.098	0.0303	0.0588	0.171	0.069	0	0.238	0	0.136	0.176	0.121	0.478	0.138	0.4	0.222	0.0938	0.0303	0.105	0.186	0.188	0.103	0.105	0.116	0	0.04	0.25	0.156	0.366	0.36	0.19	0	0.0345	0.5	0.161	0.55	0.926	0.903	0.62	1	0.923	0.667	0.4	0.758	0.667	0.583	0.88	0.375	0.912	0.571	1	0.424	0.923	0.556	0.943	0.962	1	0.481	0.686	0.746	0.947	0.926	0.955	0.812	0.968	0.867	0.828	0.75	0.909	0.917	0.757	0.889	0.905	0.917	0.846	0.828	0.417	0.682	0.882	0.63	0.958	0.944	0.724	0.4	0.52	1	1	0.911	0.889	0.895	0.8	0.789	0.429	0.841	0.75	0.792	0.705	0.938	0.536	0.861	0.75	0.436	0.475	0.732	0.6	0.836	1	0.488	0.395	0.472	0.32	0.333	0.892	0.522	0.952	0.0435	0.667	0.8	0	0.583	0.222	0.109	0.459	0.321	0.04	0.412	0	0.0308	0.0328	0.1	0.0441	0.444	0.433	0.0312	0.0227	0.96	0.535	0.562	0.286	0.0185	0.556	0.0541	0.115	0.25	0.0769	0.5
chr18	13447987	13447989	0.452	0.0488	0.952	0.821	0.962	0.607	0.828	0.257	1	0.698	0.921	0.6	0.944	0.676	1	0.931	0.917	0.915	0.16	0.421	0.781	0.552	0.825	0.931	0.95	1	0.908	0.444	0.926	0.857	0.565	0.921	0.882	0.667	0.833	0.903	0.64	0.864	0.9	0.951	0.697	0.81	0.5	1	0.9	0.882	0.919	0.412	0.769	0.974	0.96	0.939	0.843	0.575	0.892	0.48	0.686	0.949	0.75	0.864	0.891	0.906	0.19	0.971	0.561	1	0.929	0.972	0.965	0.976	0.875	0.4	0.935	0.582	0.545	1	0.623	0.836	0.771	0.846	0.791	0.852	1	0.955	0.875	0.956	0.938	0.976	0.839	1	0.865	0.955	0.959	0.914	0.923	0.636	0.958	0.952	0.95	0.49	0.991	1	0.667	0.667	0.909	1	0.974	0.556	0.962	0.875	0.9	0.95	0.727	0.741	0.646	0.904	0.882	0.962	0.81	0.949	0.938	0.906	0.976	0.921	0.927	0.353	0.812	0.537	0.96	0.936	0.808	1	0.923	0.857	0.931	0.552	0.452	0.988	0.969	0.833	0.944	0.931	0.821	0.929	0.478	0.917	0.981	0.984	0.631	0.944	0.256	0.947	0.969	1	1	0.5	0.897	0.696	0.932	1	0.559	0.909	0.894	0.986	0.63	0.629	0.824	0.943	0.388	0.714	0.917	0.868	0.364	0.978	0.909	0.935	0.641	0.774	0.8	0.814	0.974	0.658	0.586	0.437	0.697	0.946	0.729	0.783	0.648	0.785	0.957	0.852	0.867	0.884	0.696	0.833	0.824	0.293	0.0182	0.571	0.0256	0.913	0.0175	0.6	0	0.0392	0.389	0.719	0.263	0.38	0.0408	0.872	0.81	0.938	0.0741	0.698	0.45	0.774	0.0667	0.688	0.423	0.5	0.184	0.102	0.429	0.0263	0.45	0.148	0.982	0.9	0.808	0.532	0.111	0.205	0.282	0.85	0.159	0.037	0.0625	0.923	0	0.409	0.075	0.521	0.875	0.43	0.872	0.0833	0.412	0.96	0.0339	0.276	0.05	0.0208	0.131	0.265	0.947	0.222	0	0.822	0.276	0.75	0.957	0.0625	0.209	0.907	0.0192	0.0179	0.227	0.246	0.733	0.0787	0.417	0	0.104	0.0227	0.0156	0.452	0.0727	0.25	0.0822	0.0755	0.16	0	0.0777	0.0763	0.0288	0	0.0667	0	0.0444	0.0811	0	0.14	0.0667	0.05	0.0167	0.0638	0.0395	0.15	0.421	0.154	0.0761	0.0678	0.226	0	0.107	0.292	0.146	0.27	0.0476	0.0556	0.0875	0.0238	0.0857	0.0323	0.0238	0.217	0.0333	0.05	0.0625	0.04	0.46	0.0784	0.259	0.286	0.0938	0.2	0	0.492	0.0424	0.0278	0	0.286	0	0.135	0.0714	0.105	0.08	0.0541	0.0317	0.0652	0.0208	0.0787	0	0.339	0	0.0263	0	0.0411	0.0667	0.667	0.0476	0	0.0161	0	0.136	0.0789	0.0625	0.0556	0	0.0405	0.286	0.358	0.129	0	0.0694	0.0357	0.19	0.0149	0.00847	0	0.0236	0.15	0.128	0	0.0667	0.0213	0.87	0.0385	0.222	0.0638	0.525	0.106	0.1	0.2	0.333	0.255
chr19	1621160	1621162	0.929	0.971	0.259	0.114	0.353	1	0.938	0.917	0.947	0.446	0.534	0.925	0.957	0.35	0.93	0.824	0.883	0.857	0.774	1	0.294	0.725	0.589	0.913	0.969	1	0.976	0.864	0.526	0.886	0.94	0.514	0.619	0.937	0.657	0.867	1	0.923	0.385	0.55	0.943	0.538	1	0.933	0.578	0.557	0.563	0.9	0.978	0.955	0.296	0.258	0.94	0.872	0.954	0.574	0.881	0.787	0.564	0.934	0.458	0.909	0.2	0.976	0.981	0.882	0.881	1	0.356	0.545	0.348	0.161	0.804	0.925	0.871	0.25	0.904	0.912	0.86	0.979	0.881	0.946	0.375	0.852	0.953	0.564	0.857	0.531	0.977	0.635	1	0.942	0.579	0.359	0.344	0.915	0.339	0.415	0.617	0.703	0.966	1	0.919	0.643	0.211	0.409	1	0.422	0.977	0.891	0.587	0.4	0.919	0.829	0.917	0.857	0.95	0.912	0.971	0.833	0.911	0.939	0.528	0.871	0.447	0.961	0.836	1	0.809	1	0.821	1	0.467	0.87	0.886	0.152	0.795	0.504	0.879	0.947	1	1	1	0.895	0.954	0.373	0.894	0.475	0.527	1	0.613	0.957	0.712	0.25	0.484	0.576	0.64	0.976	0.917	0.759	0.674	0.943	0.605	0.839	1	0.846	0.93	0.894	0.86	0.409	0.4	0.875	0.385	0.978	0.886	0.952	1	0.667	0.857	0.918	0.333	0.3	0.346	0.0769	0.718	0.885	0.471	0.763	0.404	0.857	0.872	0.971	0.923	0.0882	0.5	0.883	0.88	0.973	0.892	0.4	0.577	0.474	0.386	0.0448	0.0244	0.029	0.486	0.894	0.108	0.0353	0.0423	0.773	0.0484	0.435	0.25	0.425	0.441	0.0482	0	0.123	0.0769	0.13	0.0405	0.123	0.167	0.0164	0.263	0.0308	0.567	0.475	0.0423	0.403	0.492	0.5	0.0179	0.244	0.0986	0	0.614	0.198	0.333	0.0278	0	0.143	0.0408	0.561	0.851	0.689	0.0526	0.278	0	0.22	0.377	0.353	0.025	0.222	0.474	0.533	0.0893	0	0.114	0.586	0.377	0.0417	0.224	0.485	0.4	0.0704	0.163	0.333	0.746	0.324	0.846	0.188	0.0625	0.0392	0	0.44	0.0299	0.137	0.103	0.0652	0.696	0.0182	0.514	0.0175	0.0488	0.455	0.058	0	0.0227	0.04	0	0.0286	0.121	0	0.0404	0	0	0.292	0.0543	0.0769	0	0	0	0	0.0968	0.172	0.143	0.315	0.0652	0.0349	0.122	0.182	0.0909	0.0851	0.0625	0.102	0.0476	0.222	0.0167	0.037	0.4	0.0889	0.147	0.0208	0.0133	0	0.511	0.0795	0.0926	0.0698	0	0.0357	0	0.103	0.346	0.171	0.382	0.0727	0.1	0.0612	0.11	0	0.0851	0	0.0294	0	0.0227	0.0242	0.07	0.467	0.0606	0.474	0.127	0.0909	0.0789	0.0889	0.0263	0.0909	0	0	0	0.111	0.162	0	0	0	0	0.263	0.0122	0	0.093	0.0638	0.0103	0.0345	0.0204	0.545	0.306	0.0189	0.222	0.0563	0.69	0.381	0.136	0	0.111	0.0339
chr19	4981487	4981489	0.517	0.897	0.957	0.667	0.882	0.583	0.579	0.854	0.95	0.64	0.652	0.769	0.902	0.179	0.926	0.727	0.658	0.303	0.333	0.25	0.479	0.781	1	0.556	0.9	0.6	0.947	0.867	0.846	0.826	0.371	1	0.889	0	0.85	0.812	0.748	0.407	0.818	0.2	0.333	0.731	0.897	0.925	0.0435	0.628	0.844	0.703	0.627	0.824	0.808	0.935	0.959	0.222	0.943	0.861	0.929	0.738	0.917	0.893	0.867	0.667	0.567	0.958	1	0.2	0.5	0.562	0.854	0.789	0.75	0.8	0.615	0.871	0.708	0.938	0.364	0.976	0.571	0.861	0.704	0.854	0.75	0.852	0.0492	0.917	0.0645	0.5	0.4	0.879	1	0.586	0.93	0.45	0.694	0.536	0.862	0.684	0.516	0.292	0.977	0.712	0.545	0.52	0.71	0.268	0.875	0.957	0.897	0.75	0.848	0.789	0.913	0.795	0.471	0.897	0.818	0.894	0.774	1	0.667	0.562	0.588	1	0.783	0.9	0.914	0.979	0.526	1	0.65	1	0.925	0.85	0.405	0.939	0.857	0.256	0.404	0.795	0.905	0.967	0.867	0.857	0.944	0.977	0.55	0.965	0.614	0.914	0.793	0.524	0.966	1	0.425	0.194	0.69	0.545	0.973	1	0.882	1	0.893	0.833	0.6	0.738	0.833	0.875	0.444	0.25	0.5	0.974	1	0.575	0.897	0.458	0.647	0.264	0.174	0.786	0.622	0.83	0.743	0.838	0.037	0.622	0.541	0.708	0.556	0.78	0.607	0.5	0.545	0.789	0.308	0.486	0.486	0.674	0.958	0.857	0	0.526	0.0857	0	0.15	0.027	0.253	0.485	0.0678	0.455	0.0857	0.55	0.159	0.2	0.0323	0.759	0.143	0.382	0.588	0.178	0.0588	0.136	0.6	0.119	0.0833	0.0968	0.111	0.541	0.0588	0.882	0.0217	0.471	0.167	0.368	0	0.2	0.171	0.0702	0.25	0.377	0.103	0.0588	0.172	0.189	0.0625	0.108	0.579	0.0789	0.184	0.326	0.0988	0.25	0.457	0.452	0.406	0.219	0.2	0.571	0.0323	0.568	0.125	0.513	0.4	0.0465	0.29	0.0882	0.0196	0.0833	0.267	0.333	0.405	0.0339	0.789	0	0.0741	0.0714	0.467	0.381	0.0893	0.152	0.118	0.0548	0.129	0.115	0.12	0.0948	0.033	0	0.667	0.0278	0	0.182	0.169	0.0952	0.109	0	0.0769	0	0.0694	0	0.0417	0.132	0.0417	0.231	0	0.0385	0.111	0.222	0.333	0.591	0	0.523	0.103	0.3	0.297	0	0.0333	0.108	0	0.375	0.1	0.069	0.31	0.147	0.706	0	0.236	0.0455	0.308	0.143	0.116	0.0714	0.0541	0.269	0.125	0.25	0.1	0	0.287	0.361	0.0208	0.125	0.453	0.0617	0.04	0.553	0	0.15	0.0256	0.0183	0.069	0.303	0.0952	0	0.176	0.0312	0.423	0.107	0.0488	0.545	0.25	0.0308	0.333	0.391	0.226	0.744	0.0612	0.0833	0	0	0.12	0.0526	0.203	0.037	0.132	0.0286	0.282	0.694	0.455	0.0323	0.125	0.0606	0.811	0.981	0.444	0.111	0	0.0385
chr19	19638198	19638200	0.458	0.5	0.15	0.314	0.0769	0.829	0.423	0.0263	0.173	0.173	0.549	0.178	0.423	0.465	0.05	0.412	0.04	0.0192	0.156	0	0	0.836	0.0833	0	0.0244	0.306	0.044	0.161	0.107	0.0833	0.135	0.0638	0.125	0.02	0.143	0.118	0.239	0.111	0.1	0	0.0682	0.0541	0.217	0	0.136	0.0698	0.228	0.0638	0.325	0.679	0.642	0.327	0.617	0.471	0.152	0	0.0741	0.459	0.087	0.093	0.254	0.244	0.281	0.0154	0	0	0.512	0.0222	0.025	0.0385	0.2	0.138	0.471	0.0946	0.167	0.0909	0.0625	0	0.136	0.0256	0.027	0.0476	0.0192	0.0275	0.0122	0.1	0	0.0196	0.31	0.0196	0	0.531	0.511	0.209	0.333	0.442	0.0435	0.0263	0.0508	0.216	0.2	0.176	0.106	0	0.0217	0	0	0	0	0.143	0.352	0.467	0.174	0.0133	0.143	0.2	0.143	0.308	0.537	0.809	0.132	0.242	0.118	0	0.0816	0.0235	0.45	0.431	0.545	0.478	0.0222	0.0476	0.0588	0.0435	0.0741	0.51	0.333	0.124	0.436	0.875	0.0588	0.0222	0.103	0	0.167	0.0714	0.107	0.889	0	0.341	0.0986	0.278	0.559	0	0	0.103	0.0698	0.211	0.87	0.0303	0.186	0.162	0.0278	0.41	0.0625	0.211	0.0968	0.396	0.0189	0.0667	0.133	0.075	0.05	0.195	0.05	0.0351	0.0984	0.0645	0.143	0.16	0	0.489	0.0303	0.14	0.389	0.135	0.737	0.565	0.415	0.703	0.903	0.781	0.875	0	0.848	0.945	0.907	0.638	0.864	0.455	0.237	0.878	0.0286	0.706	0.812	0.829	0.714	0.895	0.696	0.786	0.912	0.889	0.643	0.868	1	0.929	0.838	0.979	0.944	0.93	0.532	0.884	0.904	0.72	1	0.886	0.667	0.943	0.875	0.923	1	0.763	0.854	0.512	1	0.893	0.698	0.964	0.704	0.234	0.944	1	0.958	0.535	0.357	0.981	0.979	0.571	0.909	0.4	0.889	0.929	0.762	0.848	0.829	0.857	0.882	0.923	0.667	0.735	0.347	0.868	0.425	0.96	0.891	0.697	0.935	0.957	0.625	0.833	0.952	0.558	0.755	0.111	1	0.838	1	0.921	0.573	0.902	0.727	0.814	0.571	0.533	0.886	0.895	0.481	0.95	0.526	1	0.8	0.848	1	0.72	0.8	0.667	0.921	0.836	0.929	0.154	0.828	0.982	0.867	0.949	0.725	0.346	0.64	0.882	0.753	0.818	0.872	0.883	0.964	1	0.921	0.95	0.944	0.719	0.167	0.867	0.863	0.821	0.571	0.966	0.825	0.5	0.87	1	0.267	0.385	0.849	0.911	0.969	0.879	1	0.15	1	0.829	0.949	0.947	1	0.786	0.333	0.514	0.939	0.804	1	0.857	0.886	0.605	0.75	0.857	0.867	1	0.846	0.979	0.942	0.683	0.622	0.867	0.974	0.488	0.2	0.887	1	0.881	0.911	0.485	1	0.9	0.775	0.875	0.725	0.946	0.982	0.878	0.931	0.48	0.972	0.933	0.312	0.924	0.923	1	0.838	1	0.877	0.837
chr22	47049058	47049060	0.273	0.171	0.256	0.742	0.543	0.759	0.485	0.162	0.824	0.377	0.317	0.414	0.417	0.146	0.464	0.185	0	0.0755	0.368	0.727	0.0889	0	0.648	0	0.482	0.233	0.0714	0.158	0.569	0.125	0.279	0.657	0.0938	0.776	0.111	0.5	0.264	0.1	0.15	0.718	0.92	0.515	0.308	0.735	0	0.0469	0.27	0.139	0.708	0.833	0.756	0.642	0.42	0.75	0.0794	0.508	0.689	0.673	0.382	0.289	0.0886	0.0667	0.304	0.429	0.292	0.292	0.925	0.342	0.763	0.12	0.22	0.594	0.833	0.203	0.182	1	0.743	0.108	0.15	0	0.108	0.05	0.393	0.157	0.536	0.441	0.661	0.619	0.39	0.0909	0.02	0.239	0.595	0.5	0.367	0.484	0.543	0.313	0.205	0.102	0.214	0.286	0.0588	0.217	0.0652	0.0536	0.724	0.615	0.618	0.273	0.356	0.455	0.321	0.128	0.241	0.2	0.389	0.542	0.0882	0.404	0.425	0.0227	0.545	0.364	0.549	0.591	0.6	0.0727	0.625	0.846	0.238	0.429	0.0455	0.816	0.214	0.324	0.484	0.144	0.415	0.784	0.511	0.0526	0.2	0.0256	0.0465	0.222	0.346	0.854	0.152	0.574	0.345	0.631	0.195	0.0889	1	0.4	0.455	0.263	0.763	0.303	0.302	0.0769	0.375	0.826	0.538	0.154	0.0476	0.911	0.558	0.639	0.5	0.225	0.0175	0.236	0.302	0.208	0.142	0.459	0.241	0.157	0.0702	0.917	0.333	0.02	0.46	0.158	0.722	0.75	0.566	0.913	0.917	0.967	0.903	0.0769	0.6	0.909	0.935	0.829	0.441	0.765	0.516	0.697	0.304	0.918	0.719	0.968	1	0.811	0.972	0.875	0.347	0.839	0.333	0.922	0.75	0.692	0.88	0.878	1	0.0488	0.792	0.233	0.884	0.833	0.966	0.622	0.707	0.333	0.507	0.87	0.0588	0.373	0.318	0.735	0.677	0.703	0.938	1	0.962	0.457	0.362	0.972	0.294	0.605	0.773	0.829	0.958	0.742	0.233	0.812	0.977	0.895	0.47	0.927	0.941	0.259	1	1	0.969	0.447	1	0.796	0.5	0.892	0.833	0.74	0.909	0.77	0.71	0.983	0.898	0.827	0.975	0.867	0.971	0.533	1	1	0.86	0.902	0.94	0.953	0.971	1	0.922	0.968	0.916	1	0.974	0.957	0.921	0.833	0.97	0.841	1	0.944	0.976	0.95	0.957	0.765	0.949	1	0.889	1	0.893	0.935	0.972	1	0.812	0.795	1	0.966	0.991	1	0.893	0.963	0.765	1	1	0.658	0.457	1	1	0.837	0.898	1	0.913	0.947	1	0.857	0.933	0.871	0.903	0.931	0.938	0.967	1	0.903	1	0.909	1	0.816	0.947	0.955	1	0.95	0.963	0.96	0.945	0.983	0.987	0.895	0.969	0.966	0.965	0.976	0.587	1	0.97	1	0.761	0.957	0.692	1	1	1	0.926	0.857	0.538	0.976	0.776	0.833	0.909	0.722	0.979	0.956	0.902	0.811	0.954	0.711	0.812	0.814	1	0.781	0.528	1	0.897	0.771
